[{"model": "contenttypes.contenttype", "pk": 1, "fields": {"app_label": "admin", "model": "logentry"}}, {"model": "contenttypes.contenttype", "pk": 2, "fields": {"app_label": "auth", "model": "permission"}}, {"model": "contenttypes.contenttype", "pk": 3, "fields": {"app_label": "auth", "model": "group"}}, {"model": "contenttypes.contenttype", "pk": 4, "fields": {"app_label": "auth", "model": "user"}}, {"model": "contenttypes.contenttype", "pk": 5, "fields": {"app_label": "contenttypes", "model": "contenttype"}}, {"model": "contenttypes.contenttype", "pk": 6, "fields": {"app_label": "sessions", "model": "session"}}, {"model": "contenttypes.contenttype", "pk": 7, "fields": {"app_label": "shop", "model": "category"}}, {"model": "contenttypes.contenttype", "pk": 8, "fields": {"app_label": "shop", "model": "product"}}, {"model": "contenttypes.contenttype", "pk": 9, "fields": {"app_label": "shop", "model": "productimage"}}, {"model": "contenttypes.contenttype", "pk": 10, "fields": {"app_label": "orders", "model": "order"}}, {"model": "contenttypes.contenttype", "pk": 11, "fields": {"app_label": "orders", "model": "orderitem"}}, {"model": "sessions.session", "pk": "0n659okphf8vo67gpr8d45sa905aywp5", "fields": {"session_data": "eyJjYXJ0Ijp7fX0:1s6D57:XDLryeKI6r8BjifUgi3N3RNw0s_QGTZS_d7Upq_bnh0", "expire_date": "2024-05-26T17:33:53.131Z"}}, {"model": "sessions.session", "pk": "0u0n1qnwtyvn6yhcisv4mhttl6dg1ons", "fields": {"session_data": "eyJjYXJ0Ijp7fX0:1rlZTF:mL0VFxdB-PbADtlKI6YeCeQXRX95QbiludGWoeYAICY", "expire_date": "2024-03-30T19:13:29.796Z"}}, {"model": "sessions.session", "pk": "0wib1wyiz2dsw5m9babwfq7kaec36rqt", "fields": {"session_data": "eyJjYXJ0Ijp7fX0:1s5pNR:I7R_qEjruAePZ2BfIEiZrq2KZumorv-714JDR4XVjCk", "expire_date": "2024-05-25T16:15:13.070Z"}}, {"model": "sessions.session", "pk": "166jutdrrj8y5wjg7qc0m6h7nqdpbypw", "fields": {"session_data": "eyJjYXJ0Ijp7fX0:1sBg0j:i6UrrsY6bvUShzP5rHj-ZNh8mQt_Ay7SuUlBnA5yezs", "expire_date": "2024-06-10T19:27:57.560Z"}}, {"model": "sessions.session", "pk": "1hqn74eoahuc3k6uaj6shv3trxa3ie8h", "fields": {"session_data": "eyJjYXJ0Ijp7fX0:1rviC2:EKloD5eNuICpc4ufGh9G4pLlLfiKJOKKg0oUfAbusfc", "expire_date": "2024-04-27T18:33:38.029Z"}}, {"model": "sessions.session", "pk": "2bfk8gnsddo3n2at7mxu6k38bxn52ahi", "fields": {"session_data": "eyJjYXJ0Ijp7fX0:1ris8a:CiyCUByTIw5GG55pftz0lm8CJIpr6SvD1g1Ub-1zW84", "expire_date": "2024-03-23T08:33:00.567Z"}}, {"model": "sessions.session", "pk": "2x39jh1vf45ec67tkgl19rfxhjhs90rm", "fields": {"session_data": "MWZjZTU5MDZkZjJiN2QxNzhlYWNlNTIwOTI3MWQ3OWQxODQzNjJhMjp7ImNhcnQiOnt9fQ==", "expire_date": "2024-09-14T13:33:59.457Z"}}, {"model": "sessions.session", "pk": "2xh2mct6buwnxusprrrmgj3ezpdygq9b", "fields": {"session_data": "MWZjZTU5MDZkZjJiN2QxNzhlYWNlNTIwOTI3MWQ3OWQxODQzNjJhMjp7ImNhcnQiOnt9fQ==", "expire_date": "2024-07-15T20:22:06.052Z"}}, {"model": "sessions.session", "pk": "6inxcadhlkb6uuxrlzyp76t4g8ugvkmk", "fields": {"session_data": ".eJxVjDkOgzAQRe8ydWR5wRtles6APONxTBKBxFIh7p4g0dD-997fgdK8QrsfD-jTttZ-W3juhwwtKLhtmOjD4wnyO42vSdA0rvOA4lTERRfRTZm_z8u9HdS01H-NwQXnmZqiPRUtI5M32sqicozBMjaWDQY2sRhpc8hWysZ5dExKWVRw_AAkhzrR:1rjIgS:n1SXUxGb1083xqmfCiN6ADj5UrTFVnMxkMYkl0Erj7M", "expire_date": "2024-03-24T12:53:44.278Z"}}, {"model": "sessions.session", "pk": "6oe6qnv6jbosorj40ce9so8p9e96kkcf", "fields": {"session_data": "eyJjYXJ0Ijp7fX0:1rgnv7:TrkoK8Lt3fFslZlvGqJ1P1jH_JQHeRpzlYM3OzC17RE", "expire_date": "2024-03-17T15:38:33.203Z"}}, {"model": "sessions.session", "pk": "72vr5kxeyv951dlc5k2whqh8z183uwbx", "fields": {"session_data": "MWZjZTU5MDZkZjJiN2QxNzhlYWNlNTIwOTI3MWQ3OWQxODQzNjJhMjp7ImNhcnQiOnt9fQ==", "expire_date": "2024-07-08T20:16:24.022Z"}}, {"model": "sessions.session", "pk": "9vv5morrxnf7fjn88wcosj6lb3nuulks", "fields": {"session_data": "MzhkYTI2YmM0MzY3MjI0MDA2MTI1ZjA1ZmE5YzJkMDkzZTJjODBkYTp7ImNhcnQiOnt9LCJfYXV0aF91c2VyX2lkIjoiMSIsIl9hdXRoX3VzZXJfYmFja2VuZCI6ImRqYW5nby5jb250cmliLmF1dGguYmFja2VuZHMuTW9kZWxCYWNrZW5kIiwiX2F1dGhfdXNlcl9oYXNoIjoiNGZmODNiNGRhMzBmNDFlN2JkNjBiODQ1ZTE3ODdkZmVmODVhOWMzZiJ9", "expire_date": "2024-09-29T11:51:44.584Z"}}, {"model": "sessions.session", "pk": "aer0gwko04nnxf181y8iknv3gvp8k4c0", "fields": {"session_data": ".eJxVjDkOgzAQRe8ydWR5wRtles6APONxTBKBxFIh7p4g0dD-997fgdK8QrsfD-jTttZ-W3juhwwtKLhtmOjD4wnyO42vSdA0rvOA4lTERRfRTZm_z8u9HdS01H-NwQXnmZqiPRUtI5M32sqicozBMjaWDQY2sRhpc8hWysZ5dExKWVRw_AAkhzrR:1s64kY:qHF4gjZLY6ux7sIL8v4G7nRfrP1gi_3aqBR2C36Lk0o", "expire_date": "2024-05-26T08:40:06.655Z"}}, {"model": "sessions.session", "pk": "b8u5gga9dvckzk00otfc0d153ewj7q3a", "fields": {"session_data": ".eJxVjDkOgzAQRe8ydWR5wRtles6APONxTBKBxFIh7p4g0dD-997fgdK8QrsfD-jTttZ-W3juhwwtKLhtmOjD4wnyO42vSdA0rvOA4lTERRfRTZm_z8u9HdS01H-NwQXnmZqiPRUtI5M32sqicozBMjaWDQY2sRhpc8hWysZ5dExKWVRw_AAkhzrR:1rizlu:T01nwJ2O2vFED7MrWTQWGjqPyJAlJQ-qv4_TEitDCas", "expire_date": "2024-03-23T16:42:06.018Z"}}, {"model": "sessions.session", "pk": "bi2rawcw9vxbgiszoptmp7nkx48cgckq", "fields": {"session_data": "MWZjZTU5MDZkZjJiN2QxNzhlYWNlNTIwOTI3MWQ3OWQxODQzNjJhMjp7ImNhcnQiOnt9fQ==", "expire_date": "2024-07-03T20:40:20.010Z"}}, {"model": "sessions.session", "pk": "ce9wg28nql72ujt63vukmownittci5s4", "fields": {"session_data": "MWZjZTU5MDZkZjJiN2QxNzhlYWNlNTIwOTI3MWQ3OWQxODQzNjJhMjp7ImNhcnQiOnt9fQ==", "expire_date": "2024-07-11T20:14:06.024Z"}}, {"model": "sessions.session", "pk": "d05aaqrdjtk7tqhnoz8l7direvcak39p", "fields": {"session_data": "eyJjYXJ0Ijp7fX0:1rvjzo:tcW50cGP8HsL3aYN5h3ig34bVnTVrsdbVfH6IxVSfIc", "expire_date": "2024-04-27T20:29:08.780Z"}}, {"model": "sessions.session", "pk": "dljs3w76cxsnsls9w9nvlg9qnhu7zy75", "fields": {"session_data": "eyJjYXJ0Ijp7fX0:1rlqsM:3gH0yjq9UOFf-Fp7qe3nu7xZCa3pGwpXGFO18NPLvwc", "expire_date": "2024-03-31T13:48:34.821Z"}}, {"model": "sessions.session", "pk": "ffz3vgqma8wox8qxll098isx0avn4sjr", "fields": {"session_data": "MWZjZTU5MDZkZjJiN2QxNzhlYWNlNTIwOTI3MWQ3OWQxODQzNjJhMjp7ImNhcnQiOnt9fQ==", "expire_date": "2024-09-14T13:01:34.994Z"}}, {"model": "sessions.session", "pk": "fj7414jgphlblsp466gmh5ns9mo06yr4", "fields": {"session_data": "eyJjYXJ0Ijp7fX0:1s9WQA:9EipIxP1HioElQ_W7DxEJpyNB20Uu6ViqfgqkLPf2sA", "expire_date": "2024-06-04T20:49:18.159Z"}}, {"model": "sessions.session", "pk": "fvqvtdc6alj3mc3wulh87lf9oy1etlji", "fields": {"session_data": "eyJjYXJ0Ijp7fX0:1s5oDK:Ke95U9gBSfsLX8ABUPbxh2evrO6N5q-Ts_1V2mWBGHY", "expire_date": "2024-05-25T15:00:42.541Z"}}, {"model": "sessions.session", "pk": "g4jq7cg56pi0qr9kf2ii4mrrjj44bxn2", "fields": {"session_data": ".eJxVjDkOgzAQRe8ydWR5wRtles6APONxTBKBxFIh7p4g0dD-997fgdK8QrsfD-jTttZ-W3juhwwtKLhtmOjD4wnyO42vSdA0rvOA4lTERRfRTZm_z8u9HdS01H-NwQXnmZqiPRUtI5M32sqicozBMjaWDQY2sRhpc8hWysZ5dExKWVRw_AAkhzrR:1roNGX:rKTTPIn-6E2k4ObJbhS1IgkC7EFtzZrs3QVdu-Xx8_M", "expire_date": "2024-04-07T12:47:57.296Z"}}, {"model": "sessions.session", "pk": "hpeqp8lh05bjrvtqf1hbv390stengpxp", "fields": {"session_data": "eyJjYXJ0Ijp7fX0:1s7LLe:xdml5azGsDwv9_OO5T7_C-H2edsMRCSBswDhQMyiEks", "expire_date": "2024-05-29T20:35:38.975Z"}}, {"model": "sessions.session", "pk": "iqeyoofmq0dfqhzgn9jm2cujvs8fjk6e", "fields": {"session_data": "MWZjZTU5MDZkZjJiN2QxNzhlYWNlNTIwOTI3MWQ3OWQxODQzNjJhMjp7ImNhcnQiOnt9fQ==", "expire_date": "2024-07-11T21:42:42.046Z"}}, {"model": "sessions.session", "pk": "jipf0fdcaikb1umw9y8b9u5yy4cvsrb1", "fields": {"session_data": "eyJjYXJ0Ijp7fX0:1roQ5g:kKYiIb3w543sB5zd8XslOSP-odNtypnS6RmhEcuudiQ", "expire_date": "2024-04-07T15:48:56.953Z"}}, {"model": "sessions.session", "pk": "ku6nuc9dh7ovbo0uciualpj7wnmo59q3", "fields": {"session_data": "MWZjZTU5MDZkZjJiN2QxNzhlYWNlNTIwOTI3MWQ3OWQxODQzNjJhMjp7ImNhcnQiOnt9fQ==", "expire_date": "2024-07-11T19:09:05.613Z"}}, {"model": "sessions.session", "pk": "lk0466n079n9fokzgve8hrw6a5k5o6rw", "fields": {"session_data": "eyJjYXJ0Ijp7fX0:1sCiau:yjLxkLWi65-_Zy-dyQg07yhnEwuzsB30qLrbCJ0DAEs", "expire_date": "2024-06-13T16:25:36.124Z"}}, {"model": "sessions.session", "pk": "ltxevznrhtrdqziz36snq8flz48r412y", "fields": {"session_data": ".eJxVjjsOgzAQRO_iOrJs7PWHMj1nQN71OpBEIIGpEHdPkCiSdt6b0eyiT1sd-m3lpR-zaIUWt98ME714OkF-pukxS5qnuowoT0VedJXdnPl9v9y_gSGtw7eNwQXnmWxpPJVGRSZvGlBF5xgDMFpgg4FNLEZBDhmUss6jY9Ia8HxFaami3Y_jAxc_OtE:1rgMGF:4cR1urfoV1zXxRBa_yQIZ9zhw35L8m8W8HI6wxRyLpU", "expire_date": "2024-03-16T10:06:31.239Z"}}, {"model": "sessions.session", "pk": "mkjwhw31y3o06uc07ook9yz2s7iw2llg", "fields": {"session_data": "eyJjYXJ0Ijp7fX0:1sI32M:QWQPiVfsRVartnAxQxV4zCoOhjQTyjD58eAYhNhbCpM", "expire_date": "2024-06-28T09:15:58.825Z"}}, {"model": "sessions.session", "pk": "mq56ozydu13aidpq5nu35zpwkzfow8pt", "fields": {"session_data": "MWZjZTU5MDZkZjJiN2QxNzhlYWNlNTIwOTI3MWQ3OWQxODQzNjJhMjp7ImNhcnQiOnt9fQ==", "expire_date": "2024-09-28T10:05:31.901Z"}}, {"model": "sessions.session", "pk": "na9uydxj4ci9bdxcfjnw8arq2sxogons", "fields": {"session_data": "eyJjYXJ0Ijp7fX0:1sI3MF:EDu_8DuPX3oKXmvaouRwxFJKyiCRSCYi9Ug8s8uzECo", "expire_date": "2024-06-28T09:36:31.162Z"}}, {"model": "sessions.session", "pk": "nsrvqliyri0j9s4y25yqsfkte6ow5dq0", "fields": {"session_data": "eyJjYXJ0Ijp7fX0:1rviGM:We6FvHVEQ_F-IYCNgzBJtZ6JlYHFF1pG2wSfxRMrcNY", "expire_date": "2024-04-27T18:38:06.626Z"}}, {"model": "sessions.session", "pk": "oxld5koher4owodefq7xrgolrp2nn6wb", "fields": {"session_data": ".eJxVjDkOgzAQRe8ydWR5wRtles6APONxTBKBxFIh7p4g0dD-997fgdK8QrsfD-jTttZ-W3juhwwtKLhtmOjD4wnyO42vSdA0rvOA4lTERRfRTZm_z8u9HdS01H-NwQXnmZqiPRUtI5M32sqicozBMjaWDQY2sRhpc8hWysZ5dExKWVRw_AAkhzrR:1ro6bz:EHee0iXijfgLDuZGP4i0-l9WBAG-tNqukvwWIfRuu8c", "expire_date": "2024-04-06T19:00:59.190Z"}}, {"model": "sessions.session", "pk": "p9kk2yd09got7alft4xgacect1fb0loi", "fields": {"session_data": "MWZjZTU5MDZkZjJiN2QxNzhlYWNlNTIwOTI3MWQ3OWQxODQzNjJhMjp7ImNhcnQiOnt9fQ==", "expire_date": "2024-07-02T20:50:01.842Z"}}, {"model": "sessions.session", "pk": "pk4ei6fyn5bin0986pemv583id51frgv", "fields": {"session_data": "MzhkYTI2YmM0MzY3MjI0MDA2MTI1ZjA1ZmE5YzJkMDkzZTJjODBkYTp7ImNhcnQiOnt9LCJfYXV0aF91c2VyX2lkIjoiMSIsIl9hdXRoX3VzZXJfYmFja2VuZCI6ImRqYW5nby5jb250cmliLmF1dGguYmFja2VuZHMuTW9kZWxCYWNrZW5kIiwiX2F1dGhfdXNlcl9oYXNoIjoiNGZmODNiNGRhMzBmNDFlN2JkNjBiODQ1ZTE3ODdkZmVmODVhOWMzZiJ9", "expire_date": "2024-09-29T16:53:55.934Z"}}, {"model": "sessions.session", "pk": "pljdfuv382ivxmct5k3h87v44eu0oaku", "fields": {"session_data": "eyJjYXJ0Ijp7fX0:1rnzTA:iuukfc9VrGtq0-hit49g17YYwKQ8DMd1VVXqQ30RcsY", "expire_date": "2024-04-06T11:23:24.707Z"}}, {"model": "sessions.session", "pk": "q3hjyi0veak292lb93wwg9w9gjpt3n3f", "fields": {"session_data": ".eJxVjDkOgzAQRe8ydWR5wRtles6APONxTBKBxFIh7p4g0dD-997fgdK8QrsfD-jTttZ-W3juhwwtKLhtmOjD4wnyO42vSdA0rvOA4lTERRfRTZm_z8u9HdS01H-NwQXnmZqiPRUtI5M32sqicozBMjaWDQY2sRhpc8hWysZ5dExKWVRw_AAkhzrR:1rgim7:ovl-DIaoYJw03NY1zfuGMtQNCOyHG4dor-8SfGrrSmU", "expire_date": "2024-03-17T10:08:55.572Z"}}, {"model": "sessions.session", "pk": "s81a66cfaad9q5t17w818twire6e426j", "fields": {"session_data": "eyJjYXJ0Ijp7fX0:1s5nyL:ajrZgXcYqmTue9-ko5QvH6LGN0YrZDV5VqtFXI0n-mM", "expire_date": "2024-05-25T14:45:13.881Z"}}, {"model": "sessions.session", "pk": "so9czzta8xiyl49b35n1gj5rmuosdecr", "fields": {"session_data": "eyJjYXJ0Ijp7fX0:1s6zIA:ZKu57VeYTmii06WzOmnK43Iib13LUH15j1UBOps3LCQ", "expire_date": "2024-05-28T21:02:34.810Z"}}, {"model": "sessions.session", "pk": "sqlbb02gy1ydrbp2fcxam10ag5x1c2qx", "fields": {"session_data": "eyJjYXJ0Ijp7fX0:1rvdZF:eTNgxIYlataibXATI_FroM73oLmQaMWmEXgOJ2ph1aE", "expire_date": "2024-04-27T13:37:17.594Z"}}, {"model": "sessions.session", "pk": "t5apkt91hh0wsre3jpy2cvqs0n0wiedu", "fields": {"session_data": "eyJjYXJ0Ijp7fX0:1roPNQ:2e6Rjh905QOMxobZj8Gx6lTJJ10c_aK2q-ORcB2w_Zs", "expire_date": "2024-04-07T15:03:12.666Z"}}, {"model": "sessions.session", "pk": "tr8pnllo93liowohafncof5vx3eybmug", "fields": {"session_data": "eyJjYXJ0Ijp7fX0:1s68mr:nzpU-jUsLuyvMvP_6HGmn8KL6m48ObHfV9PExl9xPBw", "expire_date": "2024-05-26T12:58:45.936Z"}}, {"model": "sessions.session", "pk": "u78x8niui6ffu4x7bucwcir7tltqvnlw", "fields": {"session_data": ".eJxVjDkOgzAQRe8ydWR5wRtles6APONxTBKBxFIh7p4g0dD-997fgdK8QrsfD-jTttZ-W3juhwwtKLhtmOjD4wnyO42vSdA0rvOA4lTERRfRTZm_z8u9HdS01H-NwQXnmZqiPRUtI5M32sqicozBMjaWDQY2sRhpc8hWysZ5dExKWVRw_AAkhzrR:1rgoAd:n-mXjTwxEO-hygX6nJlKwAiiXm2IBdkSmFKxo69ui0M", "expire_date": "2024-03-17T15:54:35.282Z"}}, {"model": "sessions.session", "pk": "ulsjfpm1jr3s79cm7omn01oowgpbnw57", "fields": {"session_data": "eyJjYXJ0Ijp7fX0:1sBC0k:afesyOsvW3IhCEqojRcuW1213fzRoBSTU6y-ask_YWM", "expire_date": "2024-06-09T11:25:58.621Z"}}, {"model": "sessions.session", "pk": "uu0brd9tbx79v1o1xps529jwjkw17dhi", "fields": {"session_data": "eyJjYXJ0Ijp7fX0:1sC3lb:UcvME44rTtxzXPxlAzUtk3lY59pbDw9563aBXl9kTDQ", "expire_date": "2024-06-11T20:49:55.575Z"}}, {"model": "sessions.session", "pk": "uvzvoxt9346e6jxabnhuoyotu9wlt2ht", "fields": {"session_data": "eyJjYXJ0Ijp7fX0:1s6A0X:VVFdygF9rgA1Qms67w6Zdq2tCTZHKFN01U7rsLBslMc", "expire_date": "2024-05-26T14:16:57.960Z"}}, {"model": "sessions.session", "pk": "xwq1wm7zh39avjw942c0y92s7b7leomc", "fields": {"session_data": "eyJjYXJ0Ijp7fX0:1rviKf:iuL9cSb2Ty3cWbd1CqSQfxyoZFYccQd10agLUGP8URk", "expire_date": "2024-04-27T18:42:33.305Z"}}, {"model": "sessions.session", "pk": "ycl4psegui5ykygjqx8tio5y0ue28io7", "fields": {"session_data": "eyJjYXJ0Ijp7fX0:1s6cIh:tQPk6fIwNrgcYpBmc7i6gKniSmZsJfk1_jx9ea55lJA", "expire_date": "2024-05-27T20:29:35.820Z"}}, {"model": "sessions.session", "pk": "z5w8wxiqxeowoudv2znp81habktplode", "fields": {"session_data": "eyJjYXJ0Ijp7fX0:1s7gnR:IqD_lH-y7RLUNm3tFNldHeOjUG2WcdP27qJs2Bvus6s", "expire_date": "2024-05-30T19:29:45.087Z"}}, {"model": "sessions.session", "pk": "zjhxmu0y1qohhld3vqqenoc93tqkdz6n", "fields": {"session_data": "MWZjZTU5MDZkZjJiN2QxNzhlYWNlNTIwOTI3MWQ3OWQxODQzNjJhMjp7ImNhcnQiOnt9fQ==", "expire_date": "2024-07-11T20:33:46.539Z"}}, {"model": "shop.category", "pk": 1, "fields": {"name": "\u0424\u0443\u0442\u0431\u043e\u043b\u043a\u0438 OneSize", "slug": "futbolki-onesize"}}, {"model": "shop.category", "pk": 2, "fields": {"name": "\u041b\u043e\u043d\u0433\u0441\u043b\u0438\u0432\u044b", "slug": "longsleevs"}}, {"model": "shop.category", "pk": 3, "fields": {"name": "\u0424\u0443\u0442\u0431\u043e\u043b\u043a\u0438 OverSize", "slug": "futbolki-oversize"}}, {"model": "shop.category", "pk": 4, "fields": {"name": "\u041d\u043e\u0432\u044b\u0439 Drop", "slug": "new-drop"}}, {"model": "shop.product", "pk": 3, "fields": {"category": 1, "name": "\u0424\u0443\u0442\u0431\u043e\u043b\u043a\u0430 \"Red man\"", "slug": "futbolka-red-man", "description": "\u0424\u0443\u0442\u0431\u043e\u043b\u043a\u0430 \u0438\u043c\u0435\u0435\u0442 \u0441\u0432\u043e\u0431\u043e\u0434\u043d\u044b\u0439 \u043a\u0440\u043e\u0439, \u043a\u043e\u0442\u043e\u0440\u044b\u0439 \u043f\u043e\u0434\u0447\u0435\u0440\u043a\u0438\u0432\u0430\u0435\u0442 \u0432\u0430\u0448\u0443 \u0438\u043d\u0434\u0438\u0432\u0438\u0434\u0443\u0430\u043b\u044c\u043d\u043e\u0441\u0442\u044c \u0438 \u043f\u0440\u0438\u0434\u0430\u0435\u0442 \u043e\u0431\u0440\u0430\u0437\u0443 \u043d\u0435\u043f\u0440\u0438\u043d\u0443\u0436\u0434\u0435\u043d\u043d\u043e\u0441\u0442\u044c. \r\n\u041e\u043d\u0430 \u0438\u0434\u0435\u0430\u043b\u044c\u043d\u043e \u043f\u043e\u0434\u0445\u043e\u0434\u0438\u0442 \u0434\u043b\u044f \u043f\u043e\u0432\u0441\u0435\u0434\u043d\u0435\u0432\u043d\u043e\u0439 \u043d\u043e\u0441\u043a\u0438 \u0438 \u043b\u0435\u0433\u043a\u043e \u0441\u043e\u0447\u0435\u0442\u0430\u0435\u0442\u0441\u044f \u0441 \u0440\u0430\u0437\u043b\u0438\u0447\u043d\u044b\u043c\u0438 \u0441\u0442\u0438\u043b\u044f\u043c\u0438 \u043e\u0434\u0435\u0436\u0434\u044b.\r\n\r\n\u0420\u0430\u0437\u043c\u0435\u0440\u044b \u0444\u0443\u0442\u0431\u043e\u043b\u043a\u0438:\r\n\u0434\u043b\u0438\u043d\u0430 \u0440\u0443\u043a\u0430\u0432\u0430 (\u043e\u0442 \u0433\u043e\u0440\u043b\u043e\u0432\u0438\u043d\u044b) 81\u0441\u043c\r\n\u043e\u0431\u0445\u0432\u0430\u0442 \u0433\u0440\u0443\u0434\u0438 130\u0441\u043c\r\n\u0434\u043b\u0438\u043d\u0430 \u0438\u0437\u0434\u0435\u043b\u0438\u044f 72\u0441\u043c\r\n\r\n\u0421\u043e\u0441\u0442\u0430\u0432:\r\n\u0425\u043b\u043e\u043f\u043e\u043a 100% \u043f\u043b\u043e\u0442\u043d\u043e\u0441\u0442\u044c\u044e 250 \u0433\u0440.", "price": "3000.00", "available": true, "created": "2024-03-03T09:37:01.371Z", "updated": "2024-03-24T11:08:42.551Z"}}, {"model": "shop.product", "pk": 4, "fields": {"category": 1, "name": "\u0424\u0443\u0442\u0431\u043e\u043b\u043a\u0430 \"Pink Flower\"", "slug": "futbolka-pink-flower", "description": "\u0424\u0443\u0442\u0431\u043e\u043b\u043a\u0430 \u0438\u043c\u0435\u0435\u0442 \u0441\u0432\u043e\u0431\u043e\u0434\u043d\u044b\u0439 \u043a\u0440\u043e\u0439, \u043a\u043e\u0442\u043e\u0440\u044b\u0439 \u043f\u043e\u0434\u0447\u0435\u0440\u043a\u0438\u0432\u0430\u0435\u0442 \u0432\u0430\u0448\u0443 \u0438\u043d\u0434\u0438\u0432\u0438\u0434\u0443\u0430\u043b\u044c\u043d\u043e\u0441\u0442\u044c \u0438 \u043f\u0440\u0438\u0434\u0430\u0435\u0442 \u043e\u0431\u0440\u0430\u0437\u0443 \u043d\u0435\u043f\u0440\u0438\u043d\u0443\u0436\u0434\u0435\u043d\u043d\u043e\u0441\u0442\u044c. \r\n\u041e\u043d\u0430 \u0438\u0434\u0435\u0430\u043b\u044c\u043d\u043e \u043f\u043e\u0434\u0445\u043e\u0434\u0438\u0442 \u0434\u043b\u044f \u043f\u043e\u0432\u0441\u0435\u0434\u043d\u0435\u0432\u043d\u043e\u0439 \u043d\u043e\u0441\u043a\u0438 \u0438 \u043b\u0435\u0433\u043a\u043e \u0441\u043e\u0447\u0435\u0442\u0430\u0435\u0442\u0441\u044f \u0441 \u0440\u0430\u0437\u043b\u0438\u0447\u043d\u044b\u043c\u0438 \u0441\u0442\u0438\u043b\u044f\u043c\u0438 \u043e\u0434\u0435\u0436\u0434\u044b.\r\n\r\n\u0420\u0430\u0437\u043c\u0435\u0440\u044b \u0444\u0443\u0442\u0431\u043e\u043b\u043a\u0438:\r\n\u0434\u043b\u0438\u043d\u0430 \u0440\u0443\u043a\u0430\u0432\u0430 (\u043e\u0442 \u0433\u043e\u0440\u043b\u043e\u0432\u0438\u043d\u044b) 81\u0441\u043c\r\n\u043e\u0431\u0445\u0432\u0430\u0442 \u0433\u0440\u0443\u0434\u0438 130\u0441\u043c\r\n\u0434\u043b\u0438\u043d\u0430 \u0438\u0437\u0434\u0435\u043b\u0438\u044f 72\u0441\u043c\r\n\r\n\u0421\u043e\u0441\u0442\u0430\u0432:\r\n\u0425\u043b\u043e\u043f\u043e\u043a 100% \u043f\u043b\u043e\u0442\u043d\u043e\u0441\u0442\u044c\u044e 250 \u0433\u0440.", "price": "3000.00", "available": true, "created": "2024-03-03T09:40:40.364Z", "updated": "2024-03-24T11:11:48.730Z"}}, {"model": "shop.product", "pk": 5, "fields": {"category": 1, "name": "\u0424\u0443\u0442\u0431\u043e\u043b\u043a\u0430 \"Meander\"", "slug": "futbolka-meander", "description": "\u0424\u0443\u0442\u0431\u043e\u043b\u043a\u0430 \u0438\u043c\u0435\u0435\u0442 \u0441\u0432\u043e\u0431\u043e\u0434\u043d\u044b\u0439 \u043a\u0440\u043e\u0439, \u043a\u043e\u0442\u043e\u0440\u044b\u0439 \u043f\u043e\u0434\u0447\u0435\u0440\u043a\u0438\u0432\u0430\u0435\u0442 \u0432\u0430\u0448\u0443 \u0438\u043d\u0434\u0438\u0432\u0438\u0434\u0443\u0430\u043b\u044c\u043d\u043e\u0441\u0442\u044c \u0438 \u043f\u0440\u0438\u0434\u0430\u0435\u0442 \u043e\u0431\u0440\u0430\u0437\u0443 \u043d\u0435\u043f\u0440\u0438\u043d\u0443\u0436\u0434\u0435\u043d\u043d\u043e\u0441\u0442\u044c. \r\n\u041e\u043d\u0430 \u0438\u0434\u0435\u0430\u043b\u044c\u043d\u043e \u043f\u043e\u0434\u0445\u043e\u0434\u0438\u0442 \u0434\u043b\u044f \u043f\u043e\u0432\u0441\u0435\u0434\u043d\u0435\u0432\u043d\u043e\u0439 \u043d\u043e\u0441\u043a\u0438 \u0438 \u043b\u0435\u0433\u043a\u043e \u0441\u043e\u0447\u0435\u0442\u0430\u0435\u0442\u0441\u044f \u0441 \u0440\u0430\u0437\u043b\u0438\u0447\u043d\u044b\u043c\u0438 \u0441\u0442\u0438\u043b\u044f\u043c\u0438 \u043e\u0434\u0435\u0436\u0434\u044b.\r\n\r\n\u0420\u0430\u0437\u043c\u0435\u0440\u044b \u0444\u0443\u0442\u0431\u043e\u043b\u043a\u0438:\r\n\u0434\u043b\u0438\u043d\u0430 \u0440\u0443\u043a\u0430\u0432\u0430 (\u043e\u0442 \u0433\u043e\u0440\u043b\u043e\u0432\u0438\u043d\u044b) 81\u0441\u043c\r\n\u043e\u0431\u0445\u0432\u0430\u0442 \u0433\u0440\u0443\u0434\u0438 130\u0441\u043c\r\n\u0434\u043b\u0438\u043d\u0430 \u0438\u0437\u0434\u0435\u043b\u0438\u044f 72\u0441\u043c\r\n\r\n\u0421\u043e\u0441\u0442\u0430\u0432:\r\n\u0425\u043b\u043e\u043f\u043e\u043a 100% \u043f\u043b\u043e\u0442\u043d\u043e\u0441\u0442\u044c\u044e 250 \u0433\u0440.", "price": "3000.00", "available": true, "created": "2024-03-03T09:44:29.204Z", "updated": "2024-05-12T08:36:00.826Z"}}, {"model": "shop.product", "pk": 6, "fields": {"category": 1, "name": "\u0424\u0443\u0442\u0431\u043e\u043b\u043a\u0430 \"Splash\" black", "slug": "futbolka-splash-black", "description": "\u0424\u0443\u0442\u0431\u043e\u043b\u043a\u0430 \u0438\u043c\u0435\u0435\u0442 \u0441\u0432\u043e\u0431\u043e\u0434\u043d\u044b\u0439 \u043a\u0440\u043e\u0439, \u043a\u043e\u0442\u043e\u0440\u044b\u0439 \u043f\u043e\u0434\u0447\u0435\u0440\u043a\u0438\u0432\u0430\u0435\u0442 \u0432\u0430\u0448\u0443 \u0438\u043d\u0434\u0438\u0432\u0438\u0434\u0443\u0430\u043b\u044c\u043d\u043e\u0441\u0442\u044c \u0438 \u043f\u0440\u0438\u0434\u0430\u0435\u0442 \u043e\u0431\u0440\u0430\u0437\u0443 \u043d\u0435\u043f\u0440\u0438\u043d\u0443\u0436\u0434\u0435\u043d\u043d\u043e\u0441\u0442\u044c. \r\n\u041e\u043d\u0430 \u0438\u0434\u0435\u0430\u043b\u044c\u043d\u043e \u043f\u043e\u0434\u0445\u043e\u0434\u0438\u0442 \u0434\u043b\u044f \u043f\u043e\u0432\u0441\u0435\u0434\u043d\u0435\u0432\u043d\u043e\u0439 \u043d\u043e\u0441\u043a\u0438 \u0438 \u043b\u0435\u0433\u043a\u043e \u0441\u043e\u0447\u0435\u0442\u0430\u0435\u0442\u0441\u044f \u0441 \u0440\u0430\u0437\u043b\u0438\u0447\u043d\u044b\u043c\u0438 \u0441\u0442\u0438\u043b\u044f\u043c\u0438 \u043e\u0434\u0435\u0436\u0434\u044b.\r\n\r\n\u0420\u0430\u0437\u043c\u0435\u0440\u044b \u0444\u0443\u0442\u0431\u043e\u043b\u043a\u0438:\r\n\u0434\u043b\u0438\u043d\u0430 \u0440\u0443\u043a\u0430\u0432\u0430 (\u043e\u0442 \u0433\u043e\u0440\u043b\u043e\u0432\u0438\u043d\u044b) 81\u0441\u043c\r\n\u043e\u0431\u0445\u0432\u0430\u0442 \u0433\u0440\u0443\u0434\u0438 130\u0441\u043c\r\n\u0434\u043b\u0438\u043d\u0430 \u0438\u0437\u0434\u0435\u043b\u0438\u044f 72\u0441\u043c\r\n\r\n\u0421\u043e\u0441\u0442\u0430\u0432:\r\n\u0425\u043b\u043e\u043f\u043e\u043a 100% \u043f\u043b\u043e\u0442\u043d\u043e\u0441\u0442\u044c\u044e 250 \u0433\u0440.", "price": "3000.00", "available": true, "created": "2024-03-03T09:47:11.750Z", "updated": "2024-03-24T11:00:30.787Z"}}, {"model": "shop.product", "pk": 9, "fields": {"category": 1, "name": "\u0424\u0443\u0442\u0431\u043e\u043b\u043a\u0430 \"Splash\" white", "slug": "futbolka-splash-white", "description": "\u0424\u0443\u0442\u0431\u043e\u043b\u043a\u0430 \u0438\u043c\u0435\u0435\u0442 \u0441\u0432\u043e\u0431\u043e\u0434\u043d\u044b\u0439 \u043a\u0440\u043e\u0439, \u043a\u043e\u0442\u043e\u0440\u044b\u0439 \u043f\u043e\u0434\u0447\u0435\u0440\u043a\u0438\u0432\u0430\u0435\u0442 \u0432\u0430\u0448\u0443 \u0438\u043d\u0434\u0438\u0432\u0438\u0434\u0443\u0430\u043b\u044c\u043d\u043e\u0441\u0442\u044c \u0438 \u043f\u0440\u0438\u0434\u0430\u0435\u0442 \u043e\u0431\u0440\u0430\u0437\u0443 \u043d\u0435\u043f\u0440\u0438\u043d\u0443\u0436\u0434\u0435\u043d\u043d\u043e\u0441\u0442\u044c. \r\n\u041e\u043d\u0430 \u0438\u0434\u0435\u0430\u043b\u044c\u043d\u043e \u043f\u043e\u0434\u0445\u043e\u0434\u0438\u0442 \u0434\u043b\u044f \u043f\u043e\u0432\u0441\u0435\u0434\u043d\u0435\u0432\u043d\u043e\u0439 \u043d\u043e\u0441\u043a\u0438 \u0438 \u043b\u0435\u0433\u043a\u043e \u0441\u043e\u0447\u0435\u0442\u0430\u0435\u0442\u0441\u044f \u0441 \u0440\u0430\u0437\u043b\u0438\u0447\u043d\u044b\u043c\u0438 \u0441\u0442\u0438\u043b\u044f\u043c\u0438 \u043e\u0434\u0435\u0436\u0434\u044b.\r\n\r\n\u0420\u0430\u0437\u043c\u0435\u0440\u044b \u0444\u0443\u0442\u0431\u043e\u043b\u043a\u0438:\r\n\u0434\u043b\u0438\u043d\u0430 \u0440\u0443\u043a\u0430\u0432\u0430 (\u043e\u0442 \u0433\u043e\u0440\u043b\u043e\u0432\u0438\u043d\u044b) 81\u0441\u043c\r\n\u043e\u0431\u0445\u0432\u0430\u0442 \u0433\u0440\u0443\u0434\u0438 130\u0441\u043c\r\n\u0434\u043b\u0438\u043d\u0430 \u0438\u0437\u0434\u0435\u043b\u0438\u044f 72\u0441\u043c\r\n\r\n\u0421\u043e\u0441\u0442\u0430\u0432:\r\n\u0425\u043b\u043e\u043f\u043e\u043a 100% \u043f\u043b\u043e\u0442\u043d\u043e\u0441\u0442\u044c\u044e 250 \u0433\u0440.", "price": "3000.00", "available": true, "created": "2024-03-23T12:31:05.773Z", "updated": "2024-03-24T10:52:34.815Z"}}, {"model": "shop.product", "pk": 11, "fields": {"category": 1, "name": "\u0424\u0443\u0442\u0431\u043e\u043b\u043a\u0430 black", "slug": "futbolka-black", "description": "\u0424\u0443\u0442\u0431\u043e\u043b\u043a\u0430 \u0438\u043c\u0435\u0435\u0442 \u0441\u0432\u043e\u0431\u043e\u0434\u043d\u044b\u0439 \u043a\u0440\u043e\u0439, \u043a\u043e\u0442\u043e\u0440\u044b\u0439 \u043f\u043e\u0434\u0447\u0435\u0440\u043a\u0438\u0432\u0430\u0435\u0442 \u0432\u0430\u0448\u0443 \u0438\u043d\u0434\u0438\u0432\u0438\u0434\u0443\u0430\u043b\u044c\u043d\u043e\u0441\u0442\u044c \u0438 \u043f\u0440\u0438\u0434\u0430\u0435\u0442 \u043e\u0431\u0440\u0430\u0437\u0443 \u043d\u0435\u043f\u0440\u0438\u043d\u0443\u0436\u0434\u0435\u043d\u043d\u043e\u0441\u0442\u044c. \r\n\u041e\u043d\u0430 \u0438\u0434\u0435\u0430\u043b\u044c\u043d\u043e \u043f\u043e\u0434\u0445\u043e\u0434\u0438\u0442 \u0434\u043b\u044f \u043f\u043e\u0432\u0441\u0435\u0434\u043d\u0435\u0432\u043d\u043e\u0439 \u043d\u043e\u0441\u043a\u0438 \u0438 \u043b\u0435\u0433\u043a\u043e \u0441\u043e\u0447\u0435\u0442\u0430\u0435\u0442\u0441\u044f \u0441 \u0440\u0430\u0437\u043b\u0438\u0447\u043d\u044b\u043c\u0438 \u0441\u0442\u0438\u043b\u044f\u043c\u0438 \u043e\u0434\u0435\u0436\u0434\u044b.\r\n\r\n\u0420\u0430\u0437\u043c\u0435\u0440\u044b \u0444\u0443\u0442\u0431\u043e\u043b\u043a\u0438:\r\n\u0434\u043b\u0438\u043d\u0430 \u0440\u0443\u043a\u0430\u0432\u0430 (\u043e\u0442 \u0433\u043e\u0440\u043b\u043e\u0432\u0438\u043d\u044b) 81\u0441\u043c\r\n\u043e\u0431\u0445\u0432\u0430\u0442 \u0433\u0440\u0443\u0434\u0438 130\u0441\u043c\r\n\u0434\u043b\u0438\u043d\u0430 \u0438\u0437\u0434\u0435\u043b\u0438\u044f 72\u0441\u043c\r\n\r\n\u0421\u043e\u0441\u0442\u0430\u0432:\r\n\u0425\u043b\u043e\u043f\u043e\u043a 100% \u043f\u043b\u043e\u0442\u043d\u043e\u0441\u0442\u044c\u044e 250 \u0433\u0440.", "price": "2500.00", "available": true, "created": "2024-03-24T11:40:16.818Z", "updated": "2024-03-24T11:40:34.901Z"}}, {"model": "shop.product", "pk": 12, "fields": {"category": 1, "name": "\u0424\u0443\u0442\u0431\u043e\u043b\u043a\u0430 white", "slug": "futbolka-white", "description": "\u0424\u0443\u0442\u0431\u043e\u043b\u043a\u0430 \u0438\u043c\u0435\u0435\u0442 \u0441\u0432\u043e\u0431\u043e\u0434\u043d\u044b\u0439 \u043a\u0440\u043e\u0439, \u043a\u043e\u0442\u043e\u0440\u044b\u0439 \u043f\u043e\u0434\u0447\u0435\u0440\u043a\u0438\u0432\u0430\u0435\u0442 \u0432\u0430\u0448\u0443 \u0438\u043d\u0434\u0438\u0432\u0438\u0434\u0443\u0430\u043b\u044c\u043d\u043e\u0441\u0442\u044c \u0438 \u043f\u0440\u0438\u0434\u0430\u0435\u0442 \u043e\u0431\u0440\u0430\u0437\u0443 \u043d\u0435\u043f\u0440\u0438\u043d\u0443\u0436\u0434\u0435\u043d\u043d\u043e\u0441\u0442\u044c. \r\n\u041e\u043d\u0430 \u0438\u0434\u0435\u0430\u043b\u044c\u043d\u043e \u043f\u043e\u0434\u0445\u043e\u0434\u0438\u0442 \u0434\u043b\u044f \u043f\u043e\u0432\u0441\u0435\u0434\u043d\u0435\u0432\u043d\u043e\u0439 \u043d\u043e\u0441\u043a\u0438 \u0438 \u043b\u0435\u0433\u043a\u043e \u0441\u043e\u0447\u0435\u0442\u0430\u0435\u0442\u0441\u044f \u0441 \u0440\u0430\u0437\u043b\u0438\u0447\u043d\u044b\u043c\u0438 \u0441\u0442\u0438\u043b\u044f\u043c\u0438 \u043e\u0434\u0435\u0436\u0434\u044b.\r\n\r\n\u0420\u0430\u0437\u043c\u0435\u0440\u044b \u0444\u0443\u0442\u0431\u043e\u043b\u043a\u0438:\r\n\u0434\u043b\u0438\u043d\u0430 \u0440\u0443\u043a\u0430\u0432\u0430 (\u043e\u0442 \u0433\u043e\u0440\u043b\u043e\u0432\u0438\u043d\u044b) 81\u0441\u043c\r\n\u043e\u0431\u0445\u0432\u0430\u0442 \u0433\u0440\u0443\u0434\u0438 130\u0441\u043c\r\n\u0434\u043b\u0438\u043d\u0430 \u0438\u0437\u0434\u0435\u043b\u0438\u044f 72\u0441\u043c\r\n\r\n\u0421\u043e\u0441\u0442\u0430\u0432:\r\n\u0425\u043b\u043e\u043f\u043e\u043a 100% \u043f\u043b\u043e\u0442\u043d\u043e\u0441\u0442\u044c\u044e 250 \u0433\u0440.", "price": "2500.00", "available": true, "created": "2024-03-24T11:53:53.526Z", "updated": "2024-03-24T12:22:32.598Z"}}, {"model": "shop.product", "pk": 14, "fields": {"category": 2, "name": "\u041b\u043e\u043d\u0433\u0441\u043b\u0438\u0432 Sapce Grey", "slug": "longsliv-sapce-grey", "description": "", "price": "3500.00", "available": true, "created": "2024-09-15T07:35:33.136Z", "updated": "2024-09-15T07:35:33.136Z"}}, {"model": "shop.product", "pk": 15, "fields": {"category": 4, "name": "\u041b\u043e\u043d\u0433\u0441\u043b\u0438\u0432 Sapce Grey", "slug": "longsliv-sapce-grey", "description": "", "price": "3500.00", "available": true, "created": "2024-09-15T11:50:36.343Z", "updated": "2024-09-15T11:50:36.343Z"}}, {"model": "shop.productimage", "pk": 5, "fields": {"product": 3, "image": "products/2024/03/24/\u043f\u0435\u0440\u0435\u0434_\u0440\u044d\u0434_\u043c\u0435\u043d.jpg"}}, {"model": "shop.productimage", "pk": 6, "fields": {"product": 3, "image": "products/2024/03/24/\u0441\u043f\u0438\u043d\u0430_\u0440\u044d\u0434_\u043c\u0435\u043d.jpg"}}, {"model": "shop.productimage", "pk": 7, "fields": {"product": 3, "image": "products/2024/03/03/\u0440\u0435\u0434_\u043c\u044d\u043d_\u043f\u043e\u043b\u043d_\u0440\u043e\u0441\u0442_\u043f\u0435\u0440\u0435\u0434.JPG"}}, {"model": "shop.productimage", "pk": 8, "fields": {"product": 4, "image": "products/2024/03/24/\u043f\u0435\u0440\u0435\u0434_\u043f\u0438\u043d\u043a_\u0444\u043b\u0430\u0443\u0432\u044d\u0440.jpg"}}, {"model": "shop.productimage", "pk": 10, "fields": {"product": 4, "image": "products/2024/03/24/\u0441\u043f\u0438\u043d\u0430_\u043f\u0438\u043d\u043a_\u0444\u043b\u0430\u0443\u0432\u044d\u0440.jpg"}}, {"model": "shop.productimage", "pk": 11, "fields": {"product": 4, "image": "products/2024/03/03/\u043f\u0438\u043d\u043a_\u0444\u043b_\u043f\u0435\u0440\u0435\u0434_\u043f\u043e\u043b\u043d_\u0440\u043e\u0441\u0442_wK6sDFP.JPG"}}, {"model": "shop.productimage", "pk": 12, "fields": {"product": 5, "image": "products/2024/05/12/\u043f\u0435\u0440\u0435\u0434_\u043c\u0435\u0430\u0434\u0435\u0440_1_IrDCCgV.jpg"}}, {"model": "shop.productimage", "pk": 13, "fields": {"product": 5, "image": "products/2024/05/12/\u0441\u043f\u0438\u043d\u0430_\u043c\u0435\u0430\u0434\u0435\u0440_2_U32PwpS.jpg"}}, {"model": "shop.productimage", "pk": 14, "fields": {"product": 5, "image": "products/2024/03/03/\u043c\u0438\u0434\u0435\u0440_\u0441\u043f\u0438\u043d\u0430_\u043f\u043e\u043b\u043d_\u0440\u043e\u0441\u0442.JPG"}}, {"model": "shop.productimage", "pk": 15, "fields": {"product": 6, "image": "products/2024/03/24/\u043f\u0435\u0440\u0435\u0434_\u0441\u043f\u043b\u044d\u0448_\u0431\u043b\u044d\u043a.jpg"}}, {"model": "shop.productimage", "pk": 16, "fields": {"product": 6, "image": "products/2024/03/24/\u0441\u043f\u0438\u043d\u0430_\u0441\u043f\u043b\u044d\u0448_\u0431\u043b\u044d\u043a.jpg"}}, {"model": "shop.productimage", "pk": 17, "fields": {"product": 6, "image": "products/2024/03/24/\u0441\u043f\u043b\u044d\u0448_\u0447\u0435\u0440\u043d_\u043f\u0435\u0440\u0435\u0434_\u043f\u043e\u044f\u0441.JPG"}}, {"model": "shop.productimage", "pk": 30, "fields": {"product": 9, "image": "products/2024/03/24/\u043f\u0435\u0440\u0435\u0434_\u0441\u043f\u043b\u044d\u0448_\u0443\u0432\u0430\u0439\u0442_1.jpg"}}, {"model": "shop.productimage", "pk": 31, "fields": {"product": 9, "image": "products/2024/03/24/\u0441\u043f\u0438\u043d\u0430_\u0441\u043f\u044d\u0448_\u0443\u0432\u0430\u0439\u0442_1.jpg"}}, {"model": "shop.productimage", "pk": 32, "fields": {"product": 9, "image": "products/2024/03/24/\u0441\u043f\u043b\u044d\u0448_\u0431\u0435\u043b_\u043f\u0435\u0440\u0435\u0434_\u043f\u043e\u044f\u0441_TG6b48O.JPG"}}, {"model": "shop.productimage", "pk": 33, "fields": {"product": 9, "image": "products/2024/03/24/\u0441\u043f\u043b\u044d\u0448_\u0441\u043f\u0438\u043d\u0430_tRf4J5k.JPG"}}, {"model": "shop.productimage", "pk": 34, "fields": {"product": 9, "image": "products/2024/03/24/\u0441\u043f\u043b\u044d\u0448_\u0441\u043f\u0438\u043d\u0430_\u043f\u043e\u043b\u043d_\u0440\u043e\u0441_x5vhIbT.JPG"}}, {"model": "shop.productimage", "pk": 35, "fields": {"product": 6, "image": "products/2024/03/24/\u0441\u043f\u043b\u044d\u0448_\u0447\u0435\u0440\u043d_\u0441\u043f\u0438\u043d\u0430_\u043f\u043e\u044f\u0441_2.JPG"}}, {"model": "shop.productimage", "pk": 36, "fields": {"product": 6, "image": "products/2024/03/24/\u0441\u043f\u043b\u044d\u0448_\u0447\u0435\u0440\u043d_\u0441\u043f\u0438\u043d\u0430_\u043f\u043e\u044f\u0441.JPG"}}, {"model": "shop.productimage", "pk": 37, "fields": {"product": 3, "image": "products/2024/03/24/\u0440\u044d\u0434_\u043c\u044d\u043d_\u043f\u0435\u0440\u0435\u0434_\u043f\u043e\u044f\u0441_vRoCzO0.JPG"}}, {"model": "shop.productimage", "pk": 38, "fields": {"product": 3, "image": "products/2024/03/24/\u0440\u0435\u0434_\u043c\u044d\u043d_\u0441\u043f\u0438\u043d\u0430.JPG"}}, {"model": "shop.productimage", "pk": 39, "fields": {"product": 4, "image": "products/2024/03/24/\u043f\u0438\u043d_\u0444\u043b_\u043f\u0435\u0440\u0435\u0434_\u043f\u043e\u044f\u0441.JPG"}}, {"model": "shop.productimage", "pk": 40, "fields": {"product": 4, "image": "products/2024/03/24/\u043f\u0438\u043d\u043a_\u0444\u043b_\u0441\u043f\u0438\u043d\u0430_\u043f\u043e\u044f\u0441.JPG"}}, {"model": "shop.productimage", "pk": 41, "fields": {"product": 5, "image": "products/2024/03/24/\u043c\u0438\u043d\u0434\u0435\u0440_\u043f\u0435\u0440\u0435\u0434_\u043f\u043e\u044f\u0441.JPG"}}, {"model": "shop.productimage", "pk": 42, "fields": {"product": 5, "image": "products/2024/03/24/\u043c\u0438\u043d\u0434\u0435\u0440_\u0441\u043f\u0438\u043d\u0430_\u043f\u043e\u044f\u0441.JPG"}}, {"model": "shop.productimage", "pk": 43, "fields": {"product": 11, "image": "products/2024/03/24/\u043f\u0435\u0440\u0435\u0434_\u0431\u0430\u0437\u0430_\u0431\u043b\u044d\u043a.jpg"}}, {"model": "shop.productimage", "pk": 44, "fields": {"product": 11, "image": "products/2024/03/24/\u0441\u043f\u0438\u043d\u0430_\u0431\u043b\u044d\u043a_\u0431\u0430\u0437\u0430.jpg"}}, {"model": "shop.productimage", "pk": 45, "fields": {"product": 12, "image": "products/2024/03/24/\u043f\u0435\u0440\u0435\u0434_\u0431\u0430\u0437\u0430_\u0443\u0432\u0430\u0439\u0442.jpg"}}, {"model": "shop.productimage", "pk": 46, "fields": {"product": 12, "image": "products/2024/03/24/\u0441\u043f\u0438\u043d\u0430_\u0443\u0432\u0430\u0439\u0442_\u0431\u0430\u0437\u0430.jpg"}}, {"model": "shop.productimage", "pk": 47, "fields": {"product": 14, "image": "products/2024/09/15/\u0441\u043f\u0438\u043d\u0430_\u0444\u0443\u0442\u0431\u043e\u043b\u043a\u04301.jpg"}}, {"model": "shop.productimage", "pk": 48, "fields": {"product": 14, "image": "products/2024/09/15/\u0441\u043f\u0438\u043d\u0430_\u043f\u0440\u0438\u043d\u0442.jpg"}}, {"model": "shop.productimage", "pk": 49, "fields": {"product": 15, "image": "products/2024/09/15/\u0441\u043f\u0438\u043d\u0430_\u0444\u0443\u0442\u0431\u043e\u043b\u043a\u04301_M9VZMYK.jpg"}}, {"model": "shop.productimage", "pk": 50, "fields": {"product": 15, "image": "products/2024/09/15/\u0441\u043f\u0438\u043d\u0430_\u043f\u0440\u0438\u043d\u0442_od9AuXn.jpg"}}, {"model": "auth.permission", "pk": 1, "fields": {"name": "Can add log entry", "content_type": 1, "codename": "add_logentry"}}, {"model": "auth.permission", "pk": 2, "fields": {"name": "Can change log entry", "content_type": 1, "codename": "change_logentry"}}, {"model": "auth.permission", "pk": 3, "fields": {"name": "Can delete log entry", "content_type": 1, "codename": "delete_logentry"}}, {"model": "auth.permission", "pk": 4, "fields": {"name": "Can view log entry", "content_type": 1, "codename": "view_logentry"}}, {"model": "auth.permission", "pk": 5, "fields": {"name": "Can add permission", "content_type": 2, "codename": "add_permission"}}, {"model": "auth.permission", "pk": 6, "fields": {"name": "Can change permission", "content_type": 2, "codename": "change_permission"}}, {"model": "auth.permission", "pk": 7, "fields": {"name": "Can delete permission", "content_type": 2, "codename": "delete_permission"}}, {"model": "auth.permission", "pk": 8, "fields": {"name": "Can view permission", "content_type": 2, "codename": "view_permission"}}, {"model": "auth.permission", "pk": 9, "fields": {"name": "Can add group", "content_type": 3, "codename": "add_group"}}, {"model": "auth.permission", "pk": 10, "fields": {"name": "Can change group", "content_type": 3, "codename": "change_group"}}, {"model": "auth.permission", "pk": 11, "fields": {"name": "Can delete group", "content_type": 3, "codename": "delete_group"}}, {"model": "auth.permission", "pk": 12, "fields": {"name": "Can view group", "content_type": 3, "codename": "view_group"}}, {"model": "auth.permission", "pk": 13, "fields": {"name": "Can add user", "content_type": 4, "codename": "add_user"}}, {"model": "auth.permission", "pk": 14, "fields": {"name": "Can change user", "content_type": 4, "codename": "change_user"}}, {"model": "auth.permission", "pk": 15, "fields": {"name": "Can delete user", "content_type": 4, "codename": "delete_user"}}, {"model": "auth.permission", "pk": 16, "fields": {"name": "Can view user", "content_type": 4, "codename": "view_user"}}, {"model": "auth.permission", "pk": 17, "fields": {"name": "Can add content type", "content_type": 5, "codename": "add_contenttype"}}, {"model": "auth.permission", "pk": 18, "fields": {"name": "Can change content type", "content_type": 5, "codename": "change_contenttype"}}, {"model": "auth.permission", "pk": 19, "fields": {"name": "Can delete content type", "content_type": 5, "codename": "delete_contenttype"}}, {"model": "auth.permission", "pk": 20, "fields": {"name": "Can view content type", "content_type": 5, "codename": "view_contenttype"}}, {"model": "auth.permission", "pk": 21, "fields": {"name": "Can add session", "content_type": 6, "codename": "add_session"}}, {"model": "auth.permission", "pk": 22, "fields": {"name": "Can change session", "content_type": 6, "codename": "change_session"}}, {"model": "auth.permission", "pk": 23, "fields": {"name": "Can delete session", "content_type": 6, "codename": "delete_session"}}, {"model": "auth.permission", "pk": 24, "fields": {"name": "Can view session", "content_type": 6, "codename": "view_session"}}, {"model": "auth.permission", "pk": 25, "fields": {"name": "Can add category", "content_type": 7, "codename": "add_category"}}, {"model": "auth.permission", "pk": 26, "fields": {"name": "Can change category", "content_type": 7, "codename": "change_category"}}, {"model": "auth.permission", "pk": 27, "fields": {"name": "Can delete category", "content_type": 7, "codename": "delete_category"}}, {"model": "auth.permission", "pk": 28, "fields": {"name": "Can view category", "content_type": 7, "codename": "view_category"}}, {"model": "auth.permission", "pk": 29, "fields": {"name": "Can add product", "content_type": 8, "codename": "add_product"}}, {"model": "auth.permission", "pk": 30, "fields": {"name": "Can change product", "content_type": 8, "codename": "change_product"}}, {"model": "auth.permission", "pk": 31, "fields": {"name": "Can delete product", "content_type": 8, "codename": "delete_product"}}, {"model": "auth.permission", "pk": 32, "fields": {"name": "Can view product", "content_type": 8, "codename": "view_product"}}, {"model": "auth.permission", "pk": 33, "fields": {"name": "Can add product image", "content_type": 9, "codename": "add_productimage"}}, {"model": "auth.permission", "pk": 34, "fields": {"name": "Can change product image", "content_type": 9, "codename": "change_productimage"}}, {"model": "auth.permission", "pk": 35, "fields": {"name": "Can delete product image", "content_type": 9, "codename": "delete_productimage"}}, {"model": "auth.permission", "pk": 36, "fields": {"name": "Can view product image", "content_type": 9, "codename": "view_productimage"}}, {"model": "auth.permission", "pk": 37, "fields": {"name": "Can add order", "content_type": 10, "codename": "add_order"}}, {"model": "auth.permission", "pk": 38, "fields": {"name": "Can change order", "content_type": 10, "codename": "change_order"}}, {"model": "auth.permission", "pk": 39, "fields": {"name": "Can delete order", "content_type": 10, "codename": "delete_order"}}, {"model": "auth.permission", "pk": 40, "fields": {"name": "Can view order", "content_type": 10, "codename": "view_order"}}, {"model": "auth.permission", "pk": 41, "fields": {"name": "Can add order item", "content_type": 11, "codename": "add_orderitem"}}, {"model": "auth.permission", "pk": 42, "fields": {"name": "Can change order item", "content_type": 11, "codename": "change_orderitem"}}, {"model": "auth.permission", "pk": 43, "fields": {"name": "Can delete order item", "content_type": 11, "codename": "delete_orderitem"}}, {"model": "auth.permission", "pk": 44, "fields": {"name": "Can view order item", "content_type": 11, "codename": "view_orderitem"}}, {"model": "auth.user", "pk": 1, "fields": {"password": "pbkdf2_sha256$100000$1NMcR7C3HL4p$xY3iPQV6E/doNL9ivl1jr8V7MXjQOFip3xSAwHfSIrs=", "last_login": "2024-09-15T16:28:46.744Z", "is_superuser": true, "username": "revada", "first_name": "", "last_name": "", "email": "revada@mail.com", "is_staff": true, "is_active": true, "date_joined": "2024-03-02T09:56:12.843Z", "groups": [], "user_permissions": []}}, {"model": "admin.logentry", "pk": 1, "fields": {"action_time": "2024-03-02T09:57:19.629Z", "user": 1, "content_type": 7, "object_id": "1", "object_repr": "\u0424\u0443\u0442\u0431\u043e\u043b\u043a\u0438 OneSize", "action_flag": 1, "change_message": "[{\"added\": {}}]"}}, {"model": "admin.logentry", "pk": 2, "fields": {"action_time": "2024-03-02T09:58:18.417Z", "user": 1, "content_type": 8, "object_id": "1", "object_repr": "T-shirt", "action_flag": 1, "change_message": "[{\"added\": {}}, {\"added\": {\"name\": \"product image\", \"object\": \"products/2024/03/02/\\u043f\\u0440\\u0438\\u043d\\u04421_\\u0432\\u0438\\u0434.jpg\"}}, {\"added\": {\"name\": \"product image\", \"object\": \"products/2024/03/02/\\u0441\\u043f\\u0438\\u043d\\u0430_\\u043f\\u0440\\u0438\\u043d\\u0442.jpg\"}}]"}}, {"model": "admin.logentry", "pk": 3, "fields": {"action_time": "2024-03-02T10:06:27.845Z", "user": 1, "content_type": 8, "object_id": "2", "object_repr": "\u0411\u0430\u0437\u043e\u0432\u0430\u044f \u0444\u0443\u0442\u0431\u043e\u043b\u043a\u0430 \u0431\u0435\u0437 \u043f\u0440\u0438\u043d\u0442\u043e\u0432", "action_flag": 1, "change_message": "[{\"added\": {}}, {\"added\": {\"name\": \"product image\", \"object\": \"products/2024/03/02/\\u0441\\u043f\\u0438\\u043d\\u0430_\\u0444\\u0443\\u0442\\u0431\\u043e\\u043b\\u043a\\u04301.jpg\"}}, {\"added\": {\"name\": \"product image\", \"object\": \"products/2024/03/02/\\u0441\\u043f\\u0438\\u043d\\u0430_\\u0444\\u0443\\u0442\\u0431\\u043e\\u043b\\u043a\\u04301_jll3Y3H.jpg\"}}]"}}, {"model": "admin.logentry", "pk": 4, "fields": {"action_time": "2024-03-03T09:37:01.378Z", "user": 1, "content_type": 8, "object_id": "3", "object_repr": "\u0424\u0443\u0442\u0431\u043e\u043b\u043a\u0430 \"Red man\"", "action_flag": 1, "change_message": "[{\"added\": {}}, {\"added\": {\"name\": \"product image\", \"object\": \"products/2024/03/03/\\u0440\\u044d\\u0434_\\u043c\\u044d\\u043d_\\u043f\\u0435\\u0440\\u0435\\u0434_\\u043f\\u043e\\u044f\\u0441.JPG\"}}, {\"added\": {\"name\": \"product image\", \"object\": \"products/2024/03/03/\\u0440\\u0435\\u0434_\\u043c\\u044d\\u043d_\\u0441\\u043f\\u0438\\u043d\\u0430.JPG\"}}, {\"added\": {\"name\": \"product image\", \"object\": \"products/2024/03/03/\\u0440\\u0435\\u0434_\\u043c\\u044d\\u043d_\\u043f\\u043e\\u043b\\u043d_\\u0440\\u043e\\u0441\\u0442_\\u043f\\u0435\\u0440\\u0435\\u0434.JPG\"}}]"}}, {"model": "admin.logentry", "pk": 5, "fields": {"action_time": "2024-03-03T09:40:40.375Z", "user": 1, "content_type": 8, "object_id": "4", "object_repr": "\u0424\u0443\u0442\u0431\u043e\u043b\u043a\u0430 \"Pink Flower\"", "action_flag": 1, "change_message": "[{\"added\": {}}, {\"added\": {\"name\": \"product image\", \"object\": \"products/2024/03/03/\\u043f\\u0438\\u043d_\\u0444\\u043b_\\u043f\\u0435\\u0440\\u0435\\u0434_\\u043f\\u043e\\u044f\\u0441.JPG\"}}, {\"added\": {\"name\": \"product image\", \"object\": \"products/2024/03/03/\\u043f\\u0438\\u043d\\u043a_\\u0444\\u043b_\\u0441\\u043f\\u0438\\u043d\\u0430_\\u043f\\u043e\\u044f\\u0441_2.JPG\"}}, {\"added\": {\"name\": \"product image\", \"object\": \"products/2024/03/03/\\u043f\\u0438\\u043d\\u043a_\\u0444\\u043b_\\u043f\\u0435\\u0440\\u0435\\u0434_\\u043f\\u043e\\u043b\\u043d_\\u0440\\u043e\\u0441\\u0442.JPG\"}}]"}}, {"model": "admin.logentry", "pk": 6, "fields": {"action_time": "2024-03-03T09:41:34.336Z", "user": 1, "content_type": 8, "object_id": "4", "object_repr": "\u0424\u0443\u0442\u0431\u043e\u043b\u043a\u0430 \"Pink Flower\"", "action_flag": 2, "change_message": "[{\"deleted\": {\"name\": \"product image\", \"object\": \"\\u043f\\u0438\\u043d\\u043a \\u0444\\u043b \\u0441\\u043f\\u0438\\u043d\\u0430 \\u043f\\u043e\\u044f\\u0441.JPG\"}}]"}}, {"model": "admin.logentry", "pk": 7, "fields": {"action_time": "2024-03-03T09:42:17.816Z", "user": 1, "content_type": 8, "object_id": "4", "object_repr": "\u0424\u0443\u0442\u0431\u043e\u043b\u043a\u0430 \"Pink Flower\"", "action_flag": 2, "change_message": "[{\"added\": {\"name\": \"product image\", \"object\": \"products/2024/03/03/\\u043f\\u0438\\u043d\\u043a_\\u0444\\u043b_\\u043f\\u0435\\u0440\\u0435\\u0434_\\u043f\\u043e\\u043b\\u043d_\\u0440\\u043e\\u0441\\u0442_wK6sDFP.JPG\"}}, {\"changed\": {\"name\": \"product image\", \"object\": \"products/2024/03/03/\\u043f\\u0438\\u043d\\u043a_\\u0444\\u043b_\\u0441\\u043f\\u0438\\u043d\\u0430_\\u043f\\u043e\\u044f\\u0441.JPG\", \"fields\": [\"Image\"]}}]"}}, {"model": "admin.logentry", "pk": 8, "fields": {"action_time": "2024-03-03T09:44:29.209Z", "user": 1, "content_type": 8, "object_id": "5", "object_repr": "\u0424\u0443\u0442\u0431\u043e\u043b\u043a\u0430 \"Meander\"", "action_flag": 1, "change_message": "[{\"added\": {}}, {\"added\": {\"name\": \"product image\", \"object\": \"products/2024/03/03/\\u043c\\u0438\\u043d\\u0434\\u0435\\u0440_\\u043f\\u0435\\u0440\\u0435\\u0434_\\u043f\\u043e\\u044f\\u0441.JPG\"}}, {\"added\": {\"name\": \"product image\", \"object\": \"products/2024/03/03/\\u043c\\u0438\\u043d\\u0434\\u0435\\u0440_\\u0441\\u043f\\u0438\\u043d\\u0430_\\u043f\\u043e\\u044f\\u0441.JPG\"}}, {\"added\": {\"name\": \"product image\", \"object\": \"products/2024/03/03/\\u043c\\u0438\\u0434\\u0435\\u0440_\\u0441\\u043f\\u0438\\u043d\\u0430_\\u043f\\u043e\\u043b\\u043d_\\u0440\\u043e\\u0441\\u0442.JPG\"}}]"}}, {"model": "admin.logentry", "pk": 9, "fields": {"action_time": "2024-03-03T09:47:11.753Z", "user": 1, "content_type": 8, "object_id": "6", "object_repr": "\u0424\u0443\u0442\u0431\u043e\u043b\u043a\u0430 \"Splash\" black", "action_flag": 1, "change_message": "[{\"added\": {}}, {\"added\": {\"name\": \"product image\", \"object\": \"products/2024/03/03/\\u0441\\u043f\\u043b\\u044d\\u0448_\\u0447\\u0435\\u0440\\u043d_\\u043f\\u0435\\u0440\\u0435\\u0434_\\u043f\\u043e\\u044f\\u0441.JPG\"}}, {\"added\": {\"name\": \"product image\", \"object\": \"products/2024/03/03/\\u0441\\u043f\\u043b\\u044d\\u0448_\\u0447\\u0435\\u0440\\u043d_\\u0441\\u043f\\u0438\\u043d\\u0430_\\u043f\\u043e\\u044f\\u0441.JPG\"}}, {\"added\": {\"name\": \"product image\", \"object\": \"products/2024/03/03/\\u0441\\u043f\\u043b\\u044d\\u0448_\\u0447\\u0435\\u0440\\u043d_\\u0441\\u043f\\u0438\\u043d\\u0430_\\u043f\\u043e\\u044f\\u0441_2.JPG\"}}]"}}, {"model": "admin.logentry", "pk": 10, "fields": {"action_time": "2024-03-03T09:47:53.197Z", "user": 1, "content_type": 8, "object_id": "6", "object_repr": "\u0424\u0443\u0442\u0431\u043e\u043b\u043a\u0430 \"Splash\" black", "action_flag": 2, "change_message": "[{\"changed\": {\"name\": \"product image\", \"object\": \"products/2024/03/03/\\u0441\\u043f\\u043b\\u044d\\u0448_\\u0447\\u0435\\u0440\\u043d_\\u0441\\u043f\\u0438\\u043d\\u0430_\\u043f\\u043e\\u044f\\u0441_2_iSbOugq.JPG\", \"fields\": [\"Image\"]}}, {\"changed\": {\"name\": \"product image\", \"object\": \"products/2024/03/03/\\u0441\\u043f\\u043b\\u044d\\u0448_\\u0447\\u0435\\u0440\\u043d_\\u0441\\u043f\\u0438\\u043d\\u0430_\\u043f\\u043e\\u044f\\u0441_bzLanld.JPG\", \"fields\": [\"Image\"]}}]"}}, {"model": "admin.logentry", "pk": 11, "fields": {"action_time": "2024-03-03T09:51:04.018Z", "user": 1, "content_type": 8, "object_id": "7", "object_repr": "\u0424\u0443\u0442\u0431\u043e\u043b\u043a\u0430 \"Splash\" white", "action_flag": 1, "change_message": "[{\"added\": {}}, {\"added\": {\"name\": \"product image\", \"object\": \"products/2024/03/03/\\u0441\\u043f\\u043b\\u044d\\u0448_\\u0431\\u0435\\u043b_\\u043f\\u0435\\u0440\\u0435\\u0434_\\u043f\\u043e\\u044f\\u0441.JPG\"}}, {\"added\": {\"name\": \"product image\", \"object\": \"products/2024/03/03/\\u0441\\u043f\\u043b\\u044d\\u0448_\\u0441\\u043f\\u0438\\u043d\\u0430.JPG\"}}, {\"added\": {\"name\": \"product image\", \"object\": \"products/2024/03/03/\\u0441\\u043f\\u043b\\u044d\\u0448_\\u0441\\u043f\\u0438\\u043d\\u0430_\\u043f\\u043e\\u043b\\u043d_\\u0440\\u043e\\u0441.JPG\"}}]"}}, {"model": "admin.logentry", "pk": 12, "fields": {"action_time": "2024-03-03T13:50:17.848Z", "user": 1, "content_type": 8, "object_id": "1", "object_repr": "T-shirt", "action_flag": 2, "change_message": "[{\"changed\": {\"fields\": [\"Price\"]}}]"}}, {"model": "admin.logentry", "pk": 13, "fields": {"action_time": "2024-03-03T14:00:19.274Z", "user": 1, "content_type": 8, "object_id": "2", "object_repr": "\u0411\u0430\u0437\u043e\u0432\u0430\u044f \u0444\u0443\u0442\u0431\u043e\u043b\u043a\u0430 \u0431\u0435\u0437 \u043f\u0440\u0438\u043d\u0442\u043e\u0432", "action_flag": 2, "change_message": "[{\"changed\": {\"fields\": [\"Price\"]}}]"}}, {"model": "admin.logentry", "pk": 14, "fields": {"action_time": "2024-03-03T14:00:19.308Z", "user": 1, "content_type": 8, "object_id": "5", "object_repr": "\u0424\u0443\u0442\u0431\u043e\u043b\u043a\u0430 \"Meander\"", "action_flag": 2, "change_message": "[{\"changed\": {\"fields\": [\"Price\"]}}]"}}, {"model": "admin.logentry", "pk": 15, "fields": {"action_time": "2024-03-03T14:00:19.345Z", "user": 1, "content_type": 8, "object_id": "4", "object_repr": "\u0424\u0443\u0442\u0431\u043e\u043b\u043a\u0430 \"Pink Flower\"", "action_flag": 2, "change_message": "[{\"changed\": {\"fields\": [\"Price\"]}}]"}}, {"model": "admin.logentry", "pk": 16, "fields": {"action_time": "2024-03-03T14:00:19.374Z", "user": 1, "content_type": 8, "object_id": "3", "object_repr": "\u0424\u0443\u0442\u0431\u043e\u043b\u043a\u0430 \"Red man\"", "action_flag": 2, "change_message": "[{\"changed\": {\"fields\": [\"Price\"]}}]"}}, {"model": "admin.logentry", "pk": 17, "fields": {"action_time": "2024-03-03T14:00:19.402Z", "user": 1, "content_type": 8, "object_id": "6", "object_repr": "\u0424\u0443\u0442\u0431\u043e\u043b\u043a\u0430 \"Splash\" black", "action_flag": 2, "change_message": "[{\"changed\": {\"fields\": [\"Price\"]}}]"}}, {"model": "admin.logentry", "pk": 18, "fields": {"action_time": "2024-03-03T14:00:19.426Z", "user": 1, "content_type": 8, "object_id": "7", "object_repr": "\u0424\u0443\u0442\u0431\u043e\u043b\u043a\u0430 \"Splash\" white", "action_flag": 2, "change_message": "[{\"changed\": {\"fields\": [\"Price\"]}}]"}}, {"model": "admin.logentry", "pk": 19, "fields": {"action_time": "2024-03-03T14:05:57.674Z", "user": 1, "content_type": 8, "object_id": "1", "object_repr": "T-shirt", "action_flag": 3, "change_message": ""}}, {"model": "admin.logentry", "pk": 20, "fields": {"action_time": "2024-03-03T14:05:57.697Z", "user": 1, "content_type": 8, "object_id": "2", "object_repr": "\u0411\u0430\u0437\u043e\u0432\u0430\u044f \u0444\u0443\u0442\u0431\u043e\u043b\u043a\u0430 \u0431\u0435\u0437 \u043f\u0440\u0438\u043d\u0442\u043e\u0432", "action_flag": 3, "change_message": ""}}, {"model": "admin.logentry", "pk": 21, "fields": {"action_time": "2024-03-03T14:09:01.493Z", "user": 1, "content_type": 8, "object_id": "8", "object_repr": "T-shirt", "action_flag": 1, "change_message": "[{\"added\": {}}, {\"added\": {\"name\": \"product image\", \"object\": \"products/2024/03/03/\\u0441\\u043f\\u043b\\u044d\\u0448_\\u0441\\u043f\\u0438\\u043d\\u0430_ua6F6GG.JPG\"}}, {\"added\": {\"name\": \"product image\", \"object\": \"products/2024/03/03/\\u0441\\u043f\\u043b\\u044d\\u0448_\\u0441\\u043f\\u0438\\u043d\\u0430_\\u043f\\u043e\\u043b\\u043d_\\u0440\\u043e\\u0441_aBhVatZ.JPG\"}}]"}}, {"model": "admin.logentry", "pk": 22, "fields": {"action_time": "2024-03-09T15:44:23.410Z", "user": 1, "content_type": 8, "object_id": "7", "object_repr": "\u0424\u0443\u0442\u0431\u043e\u043b\u043a\u0430 \"Splash\" white", "action_flag": 2, "change_message": "[{\"changed\": {\"fields\": [\"Description\"]}}]"}}, {"model": "admin.logentry", "pk": 23, "fields": {"action_time": "2024-03-09T15:44:32.219Z", "user": 1, "content_type": 8, "object_id": "6", "object_repr": "\u0424\u0443\u0442\u0431\u043e\u043b\u043a\u0430 \"Splash\" black", "action_flag": 2, "change_message": "[{\"changed\": {\"fields\": [\"Description\"]}}]"}}, {"model": "admin.logentry", "pk": 24, "fields": {"action_time": "2024-03-09T15:44:40.945Z", "user": 1, "content_type": 8, "object_id": "3", "object_repr": "\u0424\u0443\u0442\u0431\u043e\u043b\u043a\u0430 \"Red man\"", "action_flag": 2, "change_message": "[{\"changed\": {\"fields\": [\"Description\"]}}]"}}, {"model": "admin.logentry", "pk": 25, "fields": {"action_time": "2024-03-09T15:44:48.661Z", "user": 1, "content_type": 8, "object_id": "4", "object_repr": "\u0424\u0443\u0442\u0431\u043e\u043b\u043a\u0430 \"Pink Flower\"", "action_flag": 2, "change_message": "[{\"changed\": {\"fields\": [\"Description\"]}}]"}}, {"model": "admin.logentry", "pk": 26, "fields": {"action_time": "2024-03-09T15:44:56.834Z", "user": 1, "content_type": 8, "object_id": "5", "object_repr": "\u0424\u0443\u0442\u0431\u043e\u043b\u043a\u0430 \"Meander\"", "action_flag": 2, "change_message": "[{\"changed\": {\"fields\": [\"Description\"]}}]"}}, {"model": "admin.logentry", "pk": 27, "fields": {"action_time": "2024-03-09T15:45:05.595Z", "user": 1, "content_type": 8, "object_id": "8", "object_repr": "T-shirt", "action_flag": 2, "change_message": "[{\"changed\": {\"fields\": [\"Description\"]}}]"}}, {"model": "admin.logentry", "pk": 28, "fields": {"action_time": "2024-03-09T15:45:39.245Z", "user": 1, "content_type": 8, "object_id": "8", "object_repr": "T-shirt", "action_flag": 2, "change_message": "[]"}}, {"model": "admin.logentry", "pk": 29, "fields": {"action_time": "2024-03-10T08:53:33.566Z", "user": 1, "content_type": 8, "object_id": "7", "object_repr": "\u0424\u0443\u0442\u0431\u043e\u043b\u043a\u0430\"Splash\" white", "action_flag": 2, "change_message": "[{\"changed\": {\"fields\": [\"Name\"]}}]"}}, {"model": "admin.logentry", "pk": 30, "fields": {"action_time": "2024-03-10T08:53:38.846Z", "user": 1, "content_type": 8, "object_id": "7", "object_repr": "\u0424\u0443\u0442\u0431\u043e\u043b\u043a\u0430\"Splash\" white", "action_flag": 2, "change_message": "[]"}}, {"model": "admin.logentry", "pk": 31, "fields": {"action_time": "2024-03-10T08:53:55.212Z", "user": 1, "content_type": 8, "object_id": "7", "object_repr": "\u0424\u0443\u0442\u0431\u043e\u043b\u043a\u0430 \"Splash\" white", "action_flag": 2, "change_message": "[{\"changed\": {\"fields\": [\"Name\"]}}]"}}, {"model": "admin.logentry", "pk": 32, "fields": {"action_time": "2024-03-23T12:26:42.909Z", "user": 1, "content_type": 8, "object_id": "7", "object_repr": "\u0424\u0443\u0442\u0431\u043e\u043b\u043a\u0430 \"Splash\" white", "action_flag": 3, "change_message": ""}}, {"model": "admin.logentry", "pk": 33, "fields": {"action_time": "2024-03-23T12:31:05.785Z", "user": 1, "content_type": 8, "object_id": "9", "object_repr": "\u0424\u0443\u0442\u0431\u043e\u043b\u043a\u0430 \"Splash\" white", "action_flag": 1, "change_message": "[{\"added\": {}}, {\"added\": {\"name\": \"product image\", \"object\": \"products/2024/03/23/\\u043f\\u0435\\u0440\\u0435\\u0434_\\u0441\\u043f\\u043b\\u044d\\u0448_\\u0443\\u0432\\u0430\\u0439\\u0442_1.jpg\"}}, {\"added\": {\"name\": \"product image\", \"object\": \"products/2024/03/23/\\u0441\\u043f\\u0438\\u043d\\u0430_\\u0441\\u043f\\u044d\\u0448_\\u0443\\u0432\\u0430\\u0439\\u0442_1.jpg\"}}, {\"added\": {\"name\": \"product image\", \"object\": \"products/2024/03/23/\\u0441\\u043f\\u043b\\u044d\\u0448_\\u0431\\u0435\\u043b_\\u043f\\u0435\\u0440\\u0435\\u0434_\\u043f\\u043e\\u044f\\u0441.JPG\"}}, {\"added\": {\"name\": \"product image\", \"object\": \"products/2024/03/23/\\u0441\\u043f\\u043b\\u044d\\u0448_\\u0441\\u043f\\u0438\\u043d\\u0430_\\u043f\\u043e\\u043b\\u043d_\\u0440\\u043e\\u0441.JPG\"}}, {\"added\": {\"name\": \"product image\", \"object\": \"products/2024/03/23/\\u0441\\u043f\\u043b\\u044d\\u0448_\\u0441\\u043f\\u0438\\u043d\\u0430.JPG\"}}]"}}, {"model": "admin.logentry", "pk": 34, "fields": {"action_time": "2024-03-24T08:32:46.730Z", "user": 1, "content_type": 8, "object_id": "10", "object_repr": "test prod", "action_flag": 1, "change_message": "[{\"added\": {}}, {\"added\": {\"name\": \"product image\", \"object\": \"products/2024/03/24/\\u0442\\u0435\\u0441\\u0442\\u043e\\u0432\\u044b\\u0439_\\u043e\\u0431\\u0440.jpg\"}}, {\"added\": {\"name\": \"product image\", \"object\": \"products/2024/03/24/\\u0440\\u044d\\u0434_\\u043c\\u044d\\u043d_\\u043f\\u0435\\u0440\\u0435\\u0434_\\u043f\\u043e\\u044f\\u0441.JPG\"}}]"}}, {"model": "admin.logentry", "pk": 35, "fields": {"action_time": "2024-03-24T08:56:15.200Z", "user": 1, "content_type": 8, "object_id": "10", "object_repr": "test prod", "action_flag": 2, "change_message": "[{\"changed\": {\"name\": \"product image\", \"object\": \"products/2024/03/24/\\u0442\\u0435\\u0441\\u0442\\u043e\\u0432\\u044b\\u0439_\\u043e\\u0431\\u0440_UHJopPB.jpg\", \"fields\": [\"Image\"]}}]"}}, {"model": "admin.logentry", "pk": 36, "fields": {"action_time": "2024-03-24T09:20:35.808Z", "user": 1, "content_type": 8, "object_id": "10", "object_repr": "test prod", "action_flag": 2, "change_message": "[{\"changed\": {\"name\": \"product image\", \"object\": \"products/2024/03/24/\\u0442\\u0435\\u0441\\u0442_\\u043e\\u0431\\u0440_2.jpg\", \"fields\": [\"Image\"]}}]"}}, {"model": "admin.logentry", "pk": 37, "fields": {"action_time": "2024-03-24T09:27:36.126Z", "user": 1, "content_type": 8, "object_id": "10", "object_repr": "test prod", "action_flag": 2, "change_message": "[{\"changed\": {\"name\": \"product image\", \"object\": \"products/2024/03/24/\\u0442\\u0435\\u0441\\u0442_\\u043e\\u0431\\u0440_2_SAG8jun.jpg\", \"fields\": [\"Image\"]}}]"}}, {"model": "admin.logentry", "pk": 38, "fields": {"action_time": "2024-03-24T10:19:28.150Z", "user": 1, "content_type": 8, "object_id": "8", "object_repr": "T-shirt", "action_flag": 3, "change_message": ""}}, {"model": "admin.logentry", "pk": 39, "fields": {"action_time": "2024-03-24T10:19:28.162Z", "user": 1, "content_type": 8, "object_id": "10", "object_repr": "test prod", "action_flag": 3, "change_message": ""}}, {"model": "admin.logentry", "pk": 40, "fields": {"action_time": "2024-03-24T10:24:28.798Z", "user": 1, "content_type": 8, "object_id": "9", "object_repr": "\u0424\u0443\u0442\u0431\u043e\u043b\u043a\u0430 \"Splash\" white", "action_flag": 2, "change_message": "[{\"deleted\": {\"name\": \"product image\", \"object\": \"\\u043f\\u0435\\u0440\\u0435\\u0434 \\u0441\\u043f\\u043b\\u044d\\u0448 \\u0443\\u0432\\u0430\\u0439\\u0442 1.jpg\"}}, {\"deleted\": {\"name\": \"product image\", \"object\": \"\\u0441\\u043f\\u0438\\u043d\\u0430 \\u0441\\u043f\\u044d\\u0448 \\u0443\\u0432\\u0430\\u0439\\u0442 1.jpg\"}}, {\"deleted\": {\"name\": \"product image\", \"object\": \"\\u0441\\u043f\\u043b\\u044d\\u0448_\\u0431\\u0435\\u043b_\\u043f\\u0435\\u0440\\u0435\\u0434 \\u043f\\u043e\\u044f\\u0441.JPG\"}}, {\"deleted\": {\"name\": \"product image\", \"object\": \"products/2024/03/23/\\u0441\\u043f\\u043b\\u044d\\u0448_\\u0441\\u043f\\u0438\\u043d\\u0430_\\u043f\\u043e\\u043b\\u043d_\\u0440\\u043e\\u0441.JPG\"}}, {\"deleted\": {\"name\": \"product image\", \"object\": \"products/2024/03/23/\\u0441\\u043f\\u043b\\u044d\\u0448_\\u0441\\u043f\\u0438\\u043d\\u0430.JPG\"}}]"}}, {"model": "admin.logentry", "pk": 41, "fields": {"action_time": "2024-03-24T10:26:06.981Z", "user": 1, "content_type": 8, "object_id": "9", "object_repr": "\u0424\u0443\u0442\u0431\u043e\u043b\u043a\u0430 \"Splash\" white", "action_flag": 2, "change_message": "[{\"added\": {\"name\": \"product image\", \"object\": \"products/2024/03/24/\\u043f\\u0435\\u0440\\u0435\\u0434_\\u0441\\u043f\\u043b\\u044d\\u0448_\\u0443\\u0432\\u0430\\u0439\\u0442_1.jpg\"}}, {\"added\": {\"name\": \"product image\", \"object\": \"products/2024/03/24/\\u0441\\u043f\\u0438\\u043d\\u0430_\\u0441\\u043f\\u044d\\u0448_\\u0443\\u0432\\u0430\\u0439\\u0442_1.jpg\"}}, {\"added\": {\"name\": \"product image\", \"object\": \"products/2024/03/24/\\u0441\\u043f\\u043b\\u044d\\u0448_\\u0431\\u0435\\u043b_\\u043f\\u0435\\u0440\\u0435\\u0434_\\u043f\\u043e\\u044f\\u0441.JPG\"}}, {\"added\": {\"name\": \"product image\", \"object\": \"products/2024/03/24/\\u0441\\u043f\\u043b\\u044d\\u0448_\\u0441\\u043f\\u0438\\u043d\\u0430.JPG\"}}, {\"added\": {\"name\": \"product image\", \"object\": \"products/2024/03/24/\\u0441\\u043f\\u043b\\u044d\\u0448_\\u0441\\u043f\\u0438\\u043d\\u0430_\\u043f\\u043e\\u043b\\u043d_\\u0440\\u043e\\u0441.JPG\"}}]"}}, {"model": "admin.logentry", "pk": 42, "fields": {"action_time": "2024-03-24T10:28:40.098Z", "user": 1, "content_type": 8, "object_id": "9", "object_repr": "\u0424\u0443\u0442\u0431\u043e\u043b\u043a\u0430 \"Splash\" white", "action_flag": 2, "change_message": "[{\"changed\": {\"fields\": [\"Description\"]}}]"}}, {"model": "admin.logentry", "pk": 43, "fields": {"action_time": "2024-03-24T10:43:05.588Z", "user": 1, "content_type": 8, "object_id": "9", "object_repr": "\u0424\u0443\u0442\u0431\u043e\u043b\u043a\u0430 \"Splash\" white", "action_flag": 2, "change_message": "[{\"changed\": {\"name\": \"product image\", \"object\": \"products/2024/03/24/\\u0441\\u043f\\u043b\\u044d\\u0448_\\u0431\\u0435\\u043b_\\u043f\\u0435\\u0440\\u0435\\u0434_\\u043f\\u043e\\u044f\\u0441_dTkCmEy.JPG\", \"fields\": [\"Image\"]}}, {\"changed\": {\"name\": \"product image\", \"object\": \"products/2024/03/24/\\u0441\\u043f\\u043b\\u044d\\u0448_\\u0441\\u043f\\u0438\\u043d\\u0430_FMDqgBw.JPG\", \"fields\": [\"Image\"]}}, {\"changed\": {\"name\": \"product image\", \"object\": \"products/2024/03/24/\\u0441\\u043f\\u043b\\u044d\\u0448_\\u0441\\u043f\\u0438\\u043d\\u0430_\\u043f\\u043e\\u043b\\u043d_\\u0440\\u043e\\u0441_qRiuRSi.JPG\", \"fields\": [\"Image\"]}}]"}}, {"model": "admin.logentry", "pk": 44, "fields": {"action_time": "2024-03-24T10:52:34.820Z", "user": 1, "content_type": 8, "object_id": "9", "object_repr": "\u0424\u0443\u0442\u0431\u043e\u043b\u043a\u0430 \"Splash\" white", "action_flag": 2, "change_message": "[{\"changed\": {\"name\": \"product image\", \"object\": \"products/2024/03/24/\\u0441\\u043f\\u043b\\u044d\\u0448_\\u0431\\u0435\\u043b_\\u043f\\u0435\\u0440\\u0435\\u0434_\\u043f\\u043e\\u044f\\u0441_TG6b48O.JPG\", \"fields\": [\"Image\"]}}, {\"changed\": {\"name\": \"product image\", \"object\": \"products/2024/03/24/\\u0441\\u043f\\u043b\\u044d\\u0448_\\u0441\\u043f\\u0438\\u043d\\u0430_tRf4J5k.JPG\", \"fields\": [\"Image\"]}}, {\"changed\": {\"name\": \"product image\", \"object\": \"products/2024/03/24/\\u0441\\u043f\\u043b\\u044d\\u0448_\\u0441\\u043f\\u0438\\u043d\\u0430_\\u043f\\u043e\\u043b\\u043d_\\u0440\\u043e\\u0441_x5vhIbT.JPG\", \"fields\": [\"Image\"]}}]"}}, {"model": "admin.logentry", "pk": 45, "fields": {"action_time": "2024-03-24T10:55:05.462Z", "user": 1, "content_type": 8, "object_id": "6", "object_repr": "\u0424\u0443\u0442\u0431\u043e\u043b\u043a\u0430 \"Splash\" black", "action_flag": 2, "change_message": "[{\"changed\": {\"name\": \"product image\", \"object\": \"products/2024/03/24/\\u043f\\u0435\\u0440\\u0435\\u0434_\\u0441\\u043f\\u043b\\u044d\\u0448_\\u0431\\u043b\\u044d\\u043a.jpg\", \"fields\": [\"Image\"]}}, {\"changed\": {\"name\": \"product image\", \"object\": \"products/2024/03/24/\\u0441\\u043f\\u0438\\u043d\\u0430_\\u0441\\u043f\\u043b\\u044d\\u0448_\\u0431\\u043b\\u044d\\u043a.jpg\", \"fields\": [\"Image\"]}}]"}}, {"model": "admin.logentry", "pk": 46, "fields": {"action_time": "2024-03-24T10:57:25.648Z", "user": 1, "content_type": 8, "object_id": "6", "object_repr": "\u0424\u0443\u0442\u0431\u043e\u043b\u043a\u0430 \"Splash\" black", "action_flag": 2, "change_message": "[{\"added\": {\"name\": \"product image\", \"object\": \"products/2024/03/24/\\u0441\\u043f\\u043b\\u044d\\u0448_\\u0447\\u0435\\u0440\\u043d_\\u0441\\u043f\\u0438\\u043d\\u0430_\\u043f\\u043e\\u044f\\u0441_2.JPG\"}}, {\"changed\": {\"name\": \"product image\", \"object\": \"products/2024/03/24/\\u0441\\u043f\\u043b\\u044d\\u0448_\\u0447\\u0435\\u0440\\u043d_\\u043f\\u0435\\u0440\\u0435\\u0434_\\u043f\\u043e\\u044f\\u0441.JPG\", \"fields\": [\"Image\"]}}]"}}, {"model": "admin.logentry", "pk": 47, "fields": {"action_time": "2024-03-24T10:58:40.449Z", "user": 1, "content_type": 8, "object_id": "6", "object_repr": "\u0424\u0443\u0442\u0431\u043e\u043b\u043a\u0430 \"Splash\" black", "action_flag": 2, "change_message": "[{\"added\": {\"name\": \"product image\", \"object\": \"products/2024/03/24/\\u0441\\u043f\\u043b\\u044d\\u0448_\\u0447\\u0435\\u0440\\u043d_\\u0441\\u043f\\u0438\\u043d\\u0430_\\u043f\\u043e\\u044f\\u0441.JPG\"}}]"}}, {"model": "admin.logentry", "pk": 48, "fields": {"action_time": "2024-03-24T11:00:30.704Z", "user": 1, "content_type": 8, "object_id": "5", "object_repr": "\u0424\u0443\u0442\u0431\u043e\u043b\u043a\u0430 \"Meander\"", "action_flag": 2, "change_message": "[{\"changed\": {\"fields\": [\"Price\"]}}]"}}, {"model": "admin.logentry", "pk": 49, "fields": {"action_time": "2024-03-24T11:00:30.742Z", "user": 1, "content_type": 8, "object_id": "4", "object_repr": "\u0424\u0443\u0442\u0431\u043e\u043b\u043a\u0430 \"Pink Flower\"", "action_flag": 2, "change_message": "[{\"changed\": {\"fields\": [\"Price\"]}}]"}}, {"model": "admin.logentry", "pk": 50, "fields": {"action_time": "2024-03-24T11:00:30.768Z", "user": 1, "content_type": 8, "object_id": "3", "object_repr": "\u0424\u0443\u0442\u0431\u043e\u043b\u043a\u0430 \"Red man\"", "action_flag": 2, "change_message": "[{\"changed\": {\"fields\": [\"Price\"]}}]"}}, {"model": "admin.logentry", "pk": 51, "fields": {"action_time": "2024-03-24T11:00:30.801Z", "user": 1, "content_type": 8, "object_id": "6", "object_repr": "\u0424\u0443\u0442\u0431\u043e\u043b\u043a\u0430 \"Splash\" black", "action_flag": 2, "change_message": "[{\"changed\": {\"fields\": [\"Price\"]}}]"}}, {"model": "admin.logentry", "pk": 52, "fields": {"action_time": "2024-03-24T11:08:42.574Z", "user": 1, "content_type": 8, "object_id": "3", "object_repr": "\u0424\u0443\u0442\u0431\u043e\u043b\u043a\u0430 \"Red man\"", "action_flag": 2, "change_message": "[{\"added\": {\"name\": \"product image\", \"object\": \"products/2024/03/24/\\u0440\\u044d\\u0434_\\u043c\\u044d\\u043d_\\u043f\\u0435\\u0440\\u0435\\u0434_\\u043f\\u043e\\u044f\\u0441_vRoCzO0.JPG\"}}, {\"added\": {\"name\": \"product image\", \"object\": \"products/2024/03/24/\\u0440\\u0435\\u0434_\\u043c\\u044d\\u043d_\\u0441\\u043f\\u0438\\u043d\\u0430.JPG\"}}, {\"changed\": {\"name\": \"product image\", \"object\": \"products/2024/03/24/\\u043f\\u0435\\u0440\\u0435\\u0434_\\u0440\\u044d\\u0434_\\u043c\\u0435\\u043d.jpg\", \"fields\": [\"Image\"]}}, {\"changed\": {\"name\": \"product image\", \"object\": \"products/2024/03/24/\\u0441\\u043f\\u0438\\u043d\\u0430_\\u0440\\u044d\\u0434_\\u043c\\u0435\\u043d.jpg\", \"fields\": [\"Image\"]}}]"}}, {"model": "admin.logentry", "pk": 53, "fields": {"action_time": "2024-03-24T11:11:48.739Z", "user": 1, "content_type": 8, "object_id": "4", "object_repr": "\u0424\u0443\u0442\u0431\u043e\u043b\u043a\u0430 \"Pink Flower\"", "action_flag": 2, "change_message": "[{\"added\": {\"name\": \"product image\", \"object\": \"products/2024/03/24/\\u043f\\u0438\\u043d_\\u0444\\u043b_\\u043f\\u0435\\u0440\\u0435\\u0434_\\u043f\\u043e\\u044f\\u0441.JPG\"}}, {\"added\": {\"name\": \"product image\", \"object\": \"products/2024/03/24/\\u043f\\u0438\\u043d\\u043a_\\u0444\\u043b_\\u0441\\u043f\\u0438\\u043d\\u0430_\\u043f\\u043e\\u044f\\u0441.JPG\"}}, {\"changed\": {\"name\": \"product image\", \"object\": \"products/2024/03/24/\\u043f\\u0435\\u0440\\u0435\\u0434_\\u043f\\u0438\\u043d\\u043a_\\u0444\\u043b\\u0430\\u0443\\u0432\\u044d\\u0440.jpg\", \"fields\": [\"Image\"]}}, {\"changed\": {\"name\": \"product image\", \"object\": \"products/2024/03/24/\\u0441\\u043f\\u0438\\u043d\\u0430_\\u043f\\u0438\\u043d\\u043a_\\u0444\\u043b\\u0430\\u0443\\u0432\\u044d\\u0440.jpg\", \"fields\": [\"Image\"]}}]"}}, {"model": "admin.logentry", "pk": 54, "fields": {"action_time": "2024-03-24T11:14:50.536Z", "user": 1, "content_type": 8, "object_id": "5", "object_repr": "\u0424\u0443\u0442\u0431\u043e\u043b\u043a\u0430 \"Meander\"", "action_flag": 2, "change_message": "[{\"added\": {\"name\": \"product image\", \"object\": \"products/2024/03/24/\\u043c\\u0438\\u043d\\u0434\\u0435\\u0440_\\u043f\\u0435\\u0440\\u0435\\u0434_\\u043f\\u043e\\u044f\\u0441.JPG\"}}, {\"added\": {\"name\": \"product image\", \"object\": \"products/2024/03/24/\\u043c\\u0438\\u043d\\u0434\\u0435\\u0440_\\u0441\\u043f\\u0438\\u043d\\u0430_\\u043f\\u043e\\u044f\\u0441.JPG\"}}, {\"changed\": {\"name\": \"product image\", \"object\": \"products/2024/03/24/\\u043f\\u0435\\u0440\\u0435\\u0434_\\u043c\\u0435\\u0430\\u0434\\u0435\\u0440_1.jpg\", \"fields\": [\"Image\"]}}, {\"changed\": {\"name\": \"product image\", \"object\": \"products/2024/03/24/\\u0441\\u043f\\u0438\\u043d\\u0430_\\u043c\\u0435\\u0430\\u0434\\u0435\\u0440_2.jpg\", \"fields\": [\"Image\"]}}]"}}, {"model": "admin.logentry", "pk": 55, "fields": {"action_time": "2024-03-24T11:40:16.822Z", "user": 1, "content_type": 8, "object_id": "11", "object_repr": "\u0424\u0443\u0442\u0431\u043e\u043b\u043a\u0430 black", "action_flag": 1, "change_message": "[{\"added\": {}}, {\"added\": {\"name\": \"product image\", \"object\": \"products/2024/03/24/\\u043f\\u0435\\u0440\\u0435\\u0434_\\u0431\\u0430\\u0437\\u0430_\\u0431\\u043b\\u044d\\u043a.jpg\"}}, {\"added\": {\"name\": \"product image\", \"object\": \"products/2024/03/24/\\u0441\\u043f\\u0438\\u043d\\u0430_\\u0431\\u043b\\u044d\\u043a_\\u0431\\u0430\\u0437\\u0430.jpg\"}}]"}}, {"model": "admin.logentry", "pk": 56, "fields": {"action_time": "2024-03-24T11:40:34.902Z", "user": 1, "content_type": 8, "object_id": "11", "object_repr": "\u0424\u0443\u0442\u0431\u043e\u043b\u043a\u0430 black", "action_flag": 2, "change_message": "[{\"changed\": {\"fields\": [\"Description\"]}}]"}}, {"model": "admin.logentry", "pk": 57, "fields": {"action_time": "2024-03-24T11:53:53.530Z", "user": 1, "content_type": 8, "object_id": "12", "object_repr": "\u0424\u0443\u0442\u0431\u043e\u043b\u043a\u0430 white", "action_flag": 1, "change_message": "[{\"added\": {}}, {\"added\": {\"name\": \"product image\", \"object\": \"products/2024/03/24/\\u043f\\u0435\\u0440\\u0435\\u0434_\\u0431\\u0430\\u0437\\u0430_\\u0443\\u0432\\u0430\\u0439\\u0442.jpg\"}}, {\"added\": {\"name\": \"product image\", \"object\": \"products/2024/03/24/\\u0441\\u043f\\u0438\\u043d\\u0430_\\u0443\\u0432\\u0430\\u0439\\u0442_\\u0431\\u0430\\u0437\\u0430.jpg\"}}]"}}, {"model": "admin.logentry", "pk": 58, "fields": {"action_time": "2024-03-24T12:22:32.600Z", "user": 1, "content_type": 8, "object_id": "12", "object_repr": "\u0424\u0443\u0442\u0431\u043e\u043b\u043a\u0430 white", "action_flag": 2, "change_message": "[{\"changed\": {\"fields\": [\"Description\"]}}]"}}, {"model": "admin.logentry", "pk": 59, "fields": {"action_time": "2024-05-12T08:29:37.396Z", "user": 1, "content_type": 8, "object_id": "5", "object_repr": "\u0424\u0443\u0442\u0431\u043e\u043b\u043a\u0430 \"Meander\"", "action_flag": 2, "change_message": "[{\"changed\": {\"name\": \"product image\", \"object\": \"products/2024/05/12/\\u043f\\u0435\\u0440\\u0435\\u0434_\\u043c\\u0435\\u0430\\u0434\\u0435\\u0440_1.jpg\", \"fields\": [\"Image\"]}}, {\"changed\": {\"name\": \"product image\", \"object\": \"products/2024/05/12/\\u0441\\u043f\\u0438\\u043d\\u0430_\\u043c\\u0435\\u0430\\u0434\\u0435\\u0440_2.jpg\", \"fields\": [\"Image\"]}}]"}}, {"model": "admin.logentry", "pk": 60, "fields": {"action_time": "2024-05-12T08:32:28.899Z", "user": 1, "content_type": 8, "object_id": "5", "object_repr": "\u0424\u0443\u0442\u0431\u043e\u043b\u043a\u0430 \"Meander\"", "action_flag": 2, "change_message": "[{\"changed\": {\"name\": \"product image\", \"object\": \"products/2024/05/12/\\u043f\\u0435\\u0440\\u0435\\u0434_\\u043c\\u0435\\u0430\\u0434\\u0435\\u0440_1_HlxontW.jpg\", \"fields\": [\"Image\"]}}, {\"changed\": {\"name\": \"product image\", \"object\": \"products/2024/05/12/\\u0441\\u043f\\u0438\\u043d\\u0430_\\u043c\\u0435\\u0430\\u0434\\u0435\\u0440_2_U32PwpS.jpg\", \"fields\": [\"Image\"]}}]"}}, {"model": "admin.logentry", "pk": 61, "fields": {"action_time": "2024-05-12T08:36:00.831Z", "user": 1, "content_type": 8, "object_id": "5", "object_repr": "\u0424\u0443\u0442\u0431\u043e\u043b\u043a\u0430 \"Meander\"", "action_flag": 2, "change_message": "[{\"changed\": {\"name\": \"product image\", \"object\": \"products/2024/05/12/\\u043f\\u0435\\u0440\\u0435\\u0434_\\u043c\\u0435\\u0430\\u0434\\u0435\\u0440_1_IrDCCgV.jpg\", \"fields\": [\"Image\"]}}]"}}, {"model": "admin.logentry", "pk": 62, "fields": {"action_time": "2024-09-15T07:26:21.107Z", "user": 1, "content_type": 7, "object_id": "2", "object_repr": "\u041b\u043e\u043d\u0433\u0441\u043b\u0438\u0432\u044b", "action_flag": 1, "change_message": "[{\"added\": {}}]"}}, {"model": "admin.logentry", "pk": 63, "fields": {"action_time": "2024-09-15T07:27:14.378Z", "user": 1, "content_type": 7, "object_id": "3", "object_repr": "\u0424\u0443\u0442\u0431\u043e\u043b\u043a\u0438 OverSize", "action_flag": 1, "change_message": "[{\"added\": {}}]"}}, {"model": "admin.logentry", "pk": 64, "fields": {"action_time": "2024-09-15T07:30:23.591Z", "user": 1, "content_type": 8, "object_id": "13", "object_repr": "\u041b\u043e\u043d\u0433\u0441\u043b\u0438\u0432 Sapce Grey", "action_flag": 1, "change_message": "[{\"added\": {}}]"}}, {"model": "admin.logentry", "pk": 65, "fields": {"action_time": "2024-09-15T07:31:32.120Z", "user": 1, "content_type": 8, "object_id": "13", "object_repr": "\u041b\u043e\u043d\u0433\u0441\u043b\u0438\u0432 Sapce Grey", "action_flag": 3, "change_message": ""}}, {"model": "admin.logentry", "pk": 66, "fields": {"action_time": "2024-09-15T07:35:33.141Z", "user": 1, "content_type": 8, "object_id": "14", "object_repr": "\u041b\u043e\u043d\u0433\u0441\u043b\u0438\u0432 Sapce Grey", "action_flag": 1, "change_message": "[{\"added\": {}}, {\"added\": {\"name\": \"product image\", \"object\": \"products/2024/09/15/\\u0441\\u043f\\u0438\\u043d\\u0430_\\u0444\\u0443\\u0442\\u0431\\u043e\\u043b\\u043a\\u04301.jpg\"}}, {\"added\": {\"name\": \"product image\", \"object\": \"products/2024/09/15/\\u0441\\u043f\\u0438\\u043d\\u0430_\\u043f\\u0440\\u0438\\u043d\\u0442.jpg\"}}]"}}, {"model": "admin.logentry", "pk": 67, "fields": {"action_time": "2024-09-15T07:38:58.835Z", "user": 1, "content_type": 7, "object_id": "4", "object_repr": "\u041d\u043e\u0432\u044b\u0439 Drop", "action_flag": 1, "change_message": "[{\"added\": {}}]"}}, {"model": "admin.logentry", "pk": 68, "fields": {"action_time": "2024-09-15T11:45:32.609Z", "user": 1, "content_type": 7, "object_id": "4", "object_repr": "\u041d\u043e\u0432\u044b\u0439 Drop", "action_flag": 2, "change_message": "[{\"changed\": {\"fields\": [\"slug\"]}}]"}}, {"model": "admin.logentry", "pk": 69, "fields": {"action_time": "2024-09-15T11:50:36.347Z", "user": 1, "content_type": 8, "object_id": "15", "object_repr": "\u041b\u043e\u043d\u0433\u0441\u043b\u0438\u0432 Sapce Grey", "action_flag": 1, "change_message": "[{\"added\": {}}, {\"added\": {\"name\": \"product image\", \"object\": \"products/2024/09/15/\\u0441\\u043f\\u0438\\u043d\\u0430_\\u0444\\u0443\\u0442\\u0431\\u043e\\u043b\\u043a\\u04301_M9VZMYK.jpg\"}}, {\"added\": {\"name\": \"product image\", \"object\": \"products/2024/09/15/\\u0441\\u043f\\u0438\\u043d\\u0430_\\u043f\\u0440\\u0438\\u043d\\u0442_od9AuXn.jpg\"}}]"}}]